<?xml version="1.0" encoding="utf-8"?>
<annotation>
<folder>images</folder>
<filename>076a65d5-8670450088_ea956a32db_b.jpg</filename>
<source>
<database>MyDatabase</database>
<annotation>COCO2017</annotation>
<image>flickr</image>
<flickrid>NULL</flickrid>
<annotator>1</annotator>
</source>
<owner>
<flickrid>NULL</flickrid>
<name>Label Studio</name>
</owner>
<size>
<width>678</width>
<height>1024</height>
<depth>3</depth>
</size>
<segmented>0</segmented>
<object>
<name>Flower</name>
<pose>Unspecified</pose>
<truncated>0</truncated>
<difficult>0</difficult>
<bndbox>
<xmin>129</xmin>
<ymin>78</ymin>
<xmax>662</xmax>
<ymax>630</ymax>
</bndbox>
</object>
</annotation>
