<?xml version="1.0" encoding="utf-8"?>
<annotation>
<folder>images</folder>
<filename>0f4e5311-Hydrangeas-5de6e7dc87efe.jpg</filename>
<source>
<database>MyDatabase</database>
<annotation>COCO2017</annotation>
<image>flickr</image>
<flickrid>NULL</flickrid>
<annotator>1</annotator>
</source>
<owner>
<flickrid>NULL</flickrid>
<name>Label Studio</name>
</owner>
<size>
<width>999</width>
<height>666</height>
<depth>3</depth>
</size>
<segmented>0</segmented>
<object>
<name>Flower</name>
<pose>Unspecified</pose>
<truncated>0</truncated>
<difficult>0</difficult>
<bndbox>
<xmin>223</xmin>
<ymin>200</ymin>
<xmax>534</xmax>
<ymax>358</ymax>
</bndbox>
</object>
</annotation>
