<?xml version="1.0" encoding="utf-8"?>
<annotation>
<folder>images</folder>
<filename>1037ecca-photo-1562690868-60bbe7293e94.jfif</filename>
<source>
<database>MyDatabase</database>
<annotation>COCO2017</annotation>
<image>flickr</image>
<flickrid>NULL</flickrid>
<annotator>1</annotator>
</source>
<owner>
<flickrid>NULL</flickrid>
<name>Label Studio</name>
</owner>
<size>
<width>1000</width>
<height>1389</height>
<depth>3</depth>
</size>
<segmented>0</segmented>
<object>
<name>Flower</name>
<pose>Unspecified</pose>
<truncated>0</truncated>
<difficult>0</difficult>
<bndbox>
<xmin>89</xmin>
<ymin>183</ymin>
<xmax>878</xmax>
<ymax>1150</ymax>
</bndbox>
</object>
</annotation>
