<?xml version="1.0" encoding="utf-8"?>
<annotation>
<folder>images</folder>
<filename>17ebdcb7-tulipa-bellville.jpg</filename>
<source>
<database>MyDatabase</database>
<annotation>COCO2017</annotation>
<image>flickr</image>
<flickrid>NULL</flickrid>
<annotator>1</annotator>
</source>
<owner>
<flickrid>NULL</flickrid>
<name>Label Studio</name>
</owner>
<size>
<width>650</width>
<height>750</height>
<depth>3</depth>
</size>
<segmented>0</segmented>
<object>
<name>Flower</name>
<pose>Unspecified</pose>
<truncated>0</truncated>
<difficult>0</difficult>
<bndbox>
<xmin>152</xmin>
<ymin>48</ymin>
<xmax>521</xmax>
<ymax>503</ymax>
</bndbox>
</object>
</annotation>
