<?xml version="1.0" encoding="utf-8"?>
<annotation>
<folder>images</folder>
<filename>1911eff1-f185aed9-856e-426e-b69a-5427cf843cbe-8547772.jpg</filename>
<source>
<database>MyDatabase</database>
<annotation>COCO2017</annotation>
<image>flickr</image>
<flickrid>NULL</flickrid>
<annotator>1</annotator>
</source>
<owner>
<flickrid>NULL</flickrid>
<name>Label Studio</name>
</owner>
<size>
<width>2048</width>
<height>1365</height>
<depth>3</depth>
</size>
<segmented>0</segmented>
<object>
<name>Flower</name>
<pose>Unspecified</pose>
<truncated>0</truncated>
<difficult>0</difficult>
<bndbox>
<xmin>1019</xmin>
<ymin>202</ymin>
<xmax>1623</xmax>
<ymax>950</ymax>
</bndbox>
</object>
</annotation>
