<?xml version="1.0" encoding="utf-8"?>
<annotation>
<folder>images</folder>
<filename>1c11eb45-1200px-Flower_July_2011-2_1_cropped.jpg</filename>
<source>
<database>MyDatabase</database>
<annotation>COCO2017</annotation>
<image>flickr</image>
<flickrid>NULL</flickrid>
<annotator>1</annotator>
</source>
<owner>
<flickrid>NULL</flickrid>
<name>Label Studio</name>
</owner>
<size>
<width>1200</width>
<height>1058</height>
<depth>3</depth>
</size>
<segmented>0</segmented>
<object>
<name>Flower</name>
<pose>Unspecified</pose>
<truncated>0</truncated>
<difficult>0</difficult>
<bndbox>
<xmin>32</xmin>
<ymin>69</ymin>
<xmax>1160</xmax>
<ymax>960</ymax>
</bndbox>
</object>
</annotation>
