<?xml version="1.0" encoding="utf-8"?>
<annotation>
<folder>images</folder>
<filename>1cbde2c0-6774d4b1-3986-4c98-930f-ce55aeb475f9-14f242d.jpg</filename>
<source>
<database>MyDatabase</database>
<annotation>COCO2017</annotation>
<image>flickr</image>
<flickrid>NULL</flickrid>
<annotator>1</annotator>
</source>
<owner>
<flickrid>NULL</flickrid>
<name>Label Studio</name>
</owner>
<size>
<width>2048</width>
<height>1365</height>
<depth>3</depth>
</size>
<segmented>0</segmented>
<object>
<name>Flower</name>
<pose>Unspecified</pose>
<truncated>0</truncated>
<difficult>0</difficult>
<bndbox>
<xmin>629</xmin>
<ymin>224</ymin>
<xmax>1648</xmax>
<ymax>979</ymax>
</bndbox>
</object>
</annotation>
