<?xml version="1.0" encoding="utf-8"?>
<annotation>
<folder>images</folder>
<filename>1dc8f1bd-tulip-care-guide-hero._TTW_._CR434021331200_._SR1500844_._QL100_.jpg</filename>
<source>
<database>MyDatabase</database>
<annotation>COCO2017</annotation>
<image>flickr</image>
<flickrid>NULL</flickrid>
<annotator>1</annotator>
</source>
<owner>
<flickrid>NULL</flickrid>
<name>Label Studio</name>
</owner>
<size>
<width>1500</width>
<height>844</height>
<depth>3</depth>
</size>
<segmented>0</segmented>
<object>
<name>Flower</name>
<pose>Unspecified</pose>
<truncated>0</truncated>
<difficult>0</difficult>
<bndbox>
<xmin>485</xmin>
<ymin>1</ymin>
<xmax>811</xmax>
<ymax>342</ymax>
</bndbox>
</object>
</annotation>
