<?xml version="1.0" encoding="utf-8"?>
<annotation>
<folder>images</folder>
<filename>20757044-1452646701760_1.jpeg</filename>
<source>
<database>MyDatabase</database>
<annotation>COCO2017</annotation>
<image>flickr</image>
<flickrid>NULL</flickrid>
<annotator>1</annotator>
</source>
<owner>
<flickrid>NULL</flickrid>
<name>Label Studio</name>
</owner>
<size>
<width>1280</width>
<height>960</height>
<depth>3</depth>
</size>
<segmented>0</segmented>
<object>
<name>Flower</name>
<pose>Unspecified</pose>
<truncated>0</truncated>
<difficult>0</difficult>
<bndbox>
<xmin>229</xmin>
<ymin>113</ymin>
<xmax>1087</xmax>
<ymax>879</ymax>
</bndbox>
</object>
</annotation>
