<?xml version="1.0" encoding="utf-8"?>
<annotation>
<folder>images</folder>
<filename>230a11fd-gardenia.jpg</filename>
<source>
<database>MyDatabase</database>
<annotation>COCO2017</annotation>
<image>flickr</image>
<flickrid>NULL</flickrid>
<annotator>1</annotator>
</source>
<owner>
<flickrid>NULL</flickrid>
<name>Label Studio</name>
</owner>
<size>
<width>446</width>
<height>360</height>
<depth>3</depth>
</size>
<segmented>0</segmented>
<object>
<name>Flower</name>
<pose>Unspecified</pose>
<truncated>0</truncated>
<difficult>0</difficult>
<bndbox>
<xmin>24</xmin>
<ymin>18</ymin>
<xmax>441</xmax>
<ymax>347</ymax>
</bndbox>
</object>
</annotation>
