<?xml version="1.0" encoding="utf-8"?>
<annotation>
<folder>images</folder>
<filename>23b89d4a-Paeonia-lactiflora-Moonstone-header_0947.jpeg</filename>
<source>
<database>MyDatabase</database>
<annotation>COCO2017</annotation>
<image>flickr</image>
<flickrid>NULL</flickrid>
<annotator>1</annotator>
</source>
<owner>
<flickrid>NULL</flickrid>
<name>Label Studio</name>
</owner>
<size>
<width>1200</width>
<height>675</height>
<depth>3</depth>
</size>
<segmented>0</segmented>
<object>
<name>Flower</name>
<pose>Unspecified</pose>
<truncated>0</truncated>
<difficult>0</difficult>
<bndbox>
<xmin>192</xmin>
<ymin>6</ymin>
<xmax>988</xmax>
<ymax>644</ymax>
</bndbox>
</object>
</annotation>
