<?xml version="1.0" encoding="utf-8"?>
<annotation>
<folder>images</folder>
<filename>291c1442-photo-1501973931234-5ac2964cd94a.jfif</filename>
<source>
<database>MyDatabase</database>
<annotation>COCO2017</annotation>
<image>flickr</image>
<flickrid>NULL</flickrid>
<annotator>1</annotator>
</source>
<owner>
<flickrid>NULL</flickrid>
<name>Label Studio</name>
</owner>
<size>
<width>1000</width>
<height>668</height>
<depth>3</depth>
</size>
<segmented>0</segmented>
<object>
<name>Flower</name>
<pose>Unspecified</pose>
<truncated>0</truncated>
<difficult>0</difficult>
<bndbox>
<xmin>112</xmin>
<ymin>56</ymin>
<xmax>689</xmax>
<ymax>616</ymax>
</bndbox>
</object>
</annotation>
