<?xml version="1.0" encoding="utf-8"?>
<annotation>
<folder>images</folder>
<filename>2ed18049-close-up-of-yellow-marigold-blooming-outdoors-royalty-free-image-91667_F1eGNSB.jpg</filename>
<source>
<database>MyDatabase</database>
<annotation>COCO2017</annotation>
<image>flickr</image>
<flickrid>NULL</flickrid>
<annotator>1</annotator>
</source>
<owner>
<flickrid>NULL</flickrid>
<name>Label Studio</name>
</owner>
<size>
<width>2048</width>
<height>1536</height>
<depth>3</depth>
</size>
<segmented>0</segmented>
<object>
<name>Flower</name>
<pose>Unspecified</pose>
<truncated>0</truncated>
<difficult>0</difficult>
<bndbox>
<xmin>180</xmin>
<ymin>331</ymin>
<xmax>1512</xmax>
<ymax>1249</ymax>
</bndbox>
</object>
</annotation>
