<?xml version="1.0" encoding="utf-8"?>
<annotation>
<folder>images</folder>
<filename>30539dd5-UK_plant-finder-herbs-lavender_main.jpg</filename>
<source>
<database>MyDatabase</database>
<annotation>COCO2017</annotation>
<image>flickr</image>
<flickrid>NULL</flickrid>
<annotator>1</annotator>
</source>
<owner>
<flickrid>NULL</flickrid>
<name>Label Studio</name>
</owner>
<size>
<width>1200</width>
<height>630</height>
<depth>3</depth>
</size>
<segmented>0</segmented>
<object>
<name>Flower</name>
<pose>Unspecified</pose>
<truncated>0</truncated>
<difficult>0</difficult>
<bndbox>
<xmin>127</xmin>
<ymin>106</ymin>
<xmax>563</xmax>
<ymax>616</ymax>
</bndbox>
</object>
</annotation>
