<?xml version="1.0" encoding="utf-8"?>
<annotation>
<folder>images</folder>
<filename>31bd9105-papaver_greek_04.jpg</filename>
<source>
<database>MyDatabase</database>
<annotation>COCO2017</annotation>
<image>flickr</image>
<flickrid>NULL</flickrid>
<annotator>1</annotator>
</source>
<owner>
<flickrid>NULL</flickrid>
<name>Label Studio</name>
</owner>
<size>
<width>850</width>
<height>833</height>
<depth>3</depth>
</size>
<segmented>0</segmented>
<object>
<name>Flower</name>
<pose>Unspecified</pose>
<truncated>0</truncated>
<difficult>0</difficult>
<bndbox>
<xmin>26</xmin>
<ymin>10</ymin>
<xmax>783</xmax>
<ymax>765</ymax>
</bndbox>
</object>
</annotation>
