<?xml version="1.0" encoding="utf-8"?>
<annotation>
<folder>images</folder>
<filename>3497d6ea-Rosa_Ingrid_Bergman_2018-07-16_6611_cropped.jpg</filename>
<source>
<database>MyDatabase</database>
<annotation>COCO2017</annotation>
<image>flickr</image>
<flickrid>NULL</flickrid>
<annotator>1</annotator>
</source>
<owner>
<flickrid>NULL</flickrid>
<name>Label Studio</name>
</owner>
<size>
<width>1200</width>
<height>980</height>
<depth>3</depth>
</size>
<segmented>0</segmented>
<object>
<name>Flower</name>
<pose>Unspecified</pose>
<truncated>0</truncated>
<difficult>0</difficult>
<bndbox>
<xmin>134</xmin>
<ymin>1</ymin>
<xmax>1073</xmax>
<ymax>932</ymax>
</bndbox>
</object>
</annotation>
