<?xml version="1.0" encoding="utf-8"?>
<annotation>
<folder>images</folder>
<filename>3c3e1ee2-plumeria_rubra.jpg</filename>
<source>
<database>MyDatabase</database>
<annotation>COCO2017</annotation>
<image>flickr</image>
<flickrid>NULL</flickrid>
<annotator>1</annotator>
</source>
<owner>
<flickrid>NULL</flickrid>
<name>Label Studio</name>
</owner>
<size>
<width>267</width>
<height>200</height>
<depth>3</depth>
</size>
<segmented>0</segmented>
<object>
<name>Flower</name>
<pose>Unspecified</pose>
<truncated>0</truncated>
<difficult>0</difficult>
<bndbox>
<xmin>10</xmin>
<ymin>11</ymin>
<xmax>235</xmax>
<ymax>193</ymax>
</bndbox>
</object>
</annotation>
