<?xml version="1.0" encoding="utf-8"?>
<annotation>
<folder>images</folder>
<filename>3e5afa6b-52496367af8148308ebf726b3daebc89.jpg</filename>
<source>
<database>MyDatabase</database>
<annotation>COCO2017</annotation>
<image>flickr</image>
<flickrid>NULL</flickrid>
<annotator>1</annotator>
</source>
<owner>
<flickrid>NULL</flickrid>
<name>Label Studio</name>
</owner>
<size>
<width>1024</width>
<height>576</height>
<depth>3</depth>
</size>
<segmented>0</segmented>
<object>
<name>Flower</name>
<pose>Unspecified</pose>
<truncated>0</truncated>
<difficult>0</difficult>
<bndbox>
<xmin>25</xmin>
<ymin>16</ymin>
<xmax>793</xmax>
<ymax>563</ymax>
</bndbox>
</object>
</annotation>
