<?xml version="1.0" encoding="utf-8"?>
<annotation>
<folder>images</folder>
<filename>43ad26f2-beautiful-lily-varieties-to-grow-4136203-3-ecb49980016c4a498a90d6c379307ddd.jpg</filename>
<source>
<database>MyDatabase</database>
<annotation>COCO2017</annotation>
<image>flickr</image>
<flickrid>NULL</flickrid>
<annotator>1</annotator>
</source>
<owner>
<flickrid>NULL</flickrid>
<name>Label Studio</name>
</owner>
<size>
<width>1500</width>
<height>1000</height>
<depth>3</depth>
</size>
<segmented>0</segmented>
<object>
<name>Flower</name>
<pose>Unspecified</pose>
<truncated>0</truncated>
<difficult>0</difficult>
<bndbox>
<xmin>221</xmin>
<ymin>201</ymin>
<xmax>1106</xmax>
<ymax>999</ymax>
</bndbox>
</object>
</annotation>
