<?xml version="1.0" encoding="utf-8"?>
<annotation>
<folder>images</folder>
<filename>457ac032-download.jfif</filename>
<source>
<database>MyDatabase</database>
<annotation>COCO2017</annotation>
<image>flickr</image>
<flickrid>NULL</flickrid>
<annotator>1</annotator>
</source>
<owner>
<flickrid>NULL</flickrid>
<name>Label Studio</name>
</owner>
<size>
<width>201</width>
<height>251</height>
<depth>3</depth>
</size>
<segmented>0</segmented>
<object>
<name>Flower</name>
<pose>Unspecified</pose>
<truncated>0</truncated>
<difficult>0</difficult>
<bndbox>
<xmin>34</xmin>
<ymin>20</ymin>
<xmax>190</xmax>
<ymax>191</ymax>
</bndbox>
</object>
</annotation>
