<?xml version="1.0" encoding="utf-8"?>
<annotation>
<folder>images</folder>
<filename>4a0ff74b-depositphotos_409377350-stock-photo-close-pink-hibiscus-flower-hibiscus.jpg</filename>
<source>
<database>MyDatabase</database>
<annotation>COCO2017</annotation>
<image>flickr</image>
<flickrid>NULL</flickrid>
<annotator>1</annotator>
</source>
<owner>
<flickrid>NULL</flickrid>
<name>Label Studio</name>
</owner>
<size>
<width>600</width>
<height>400</height>
<depth>3</depth>
</size>
<segmented>0</segmented>
<object>
<name>Flower</name>
<pose>Unspecified</pose>
<truncated>0</truncated>
<difficult>0</difficult>
<bndbox>
<xmin>145</xmin>
<ymin>46</ymin>
<xmax>474</xmax>
<ymax>347</ymax>
</bndbox>
</object>
</annotation>
