<?xml version="1.0" encoding="utf-8"?>
<annotation>
<folder>images</folder>
<filename>4c61fdd7-plumeria-6.jpg</filename>
<source>
<database>MyDatabase</database>
<annotation>COCO2017</annotation>
<image>flickr</image>
<flickrid>NULL</flickrid>
<annotator>1</annotator>
</source>
<owner>
<flickrid>NULL</flickrid>
<name>Label Studio</name>
</owner>
<size>
<width>700</width>
<height>466</height>
<depth>3</depth>
</size>
<segmented>0</segmented>
<object>
<name>Flower</name>
<pose>Unspecified</pose>
<truncated>0</truncated>
<difficult>0</difficult>
<bndbox>
<xmin>281</xmin>
<ymin>96</ymin>
<xmax>672</xmax>
<ymax>414</ymax>
</bndbox>
</object>
</annotation>
