<?xml version="1.0" encoding="utf-8"?>
<annotation>
<folder>images</folder>
<filename>56c22dde-8b79a847-3fb1-490b-a83f-7d6a635a49a8-89d3fe1.jpg</filename>
<source>
<database>MyDatabase</database>
<annotation>COCO2017</annotation>
<image>flickr</image>
<flickrid>NULL</flickrid>
<annotator>1</annotator>
</source>
<owner>
<flickrid>NULL</flickrid>
<name>Label Studio</name>
</owner>
<size>
<width>2048</width>
<height>1365</height>
<depth>3</depth>
</size>
<segmented>0</segmented>
<object>
<name>Flower</name>
<pose>Unspecified</pose>
<truncated>0</truncated>
<difficult>0</difficult>
<bndbox>
<xmin>663</xmin>
<ymin>372</ymin>
<xmax>1267</xmax>
<ymax>908</ymax>
</bndbox>
</object>
</annotation>
