<?xml version="1.0" encoding="utf-8"?>
<annotation>
<folder>images</folder>
<filename>5c417aa5-01-1135_-1.jpg</filename>
<source>
<database>MyDatabase</database>
<annotation>COCO2017</annotation>
<image>flickr</image>
<flickrid>NULL</flickrid>
<annotator>1</annotator>
</source>
<owner>
<flickrid>NULL</flickrid>
<name>Label Studio</name>
</owner>
<size>
<width>900</width>
<height>737</height>
<depth>3</depth>
</size>
<segmented>0</segmented>
<object>
<name>Flower</name>
<pose>Unspecified</pose>
<truncated>0</truncated>
<difficult>0</difficult>
<bndbox>
<xmin>52</xmin>
<ymin>7</ymin>
<xmax>859</xmax>
<ymax>711</ymax>
</bndbox>
</object>
</annotation>
