<?xml version="1.0" encoding="utf-8"?>
<annotation>
<folder>images</folder>
<filename>5ec9c58b-pink-flowers-azalea-1.jpg</filename>
<source>
<database>MyDatabase</database>
<annotation>COCO2017</annotation>
<image>flickr</image>
<flickrid>NULL</flickrid>
<annotator>1</annotator>
</source>
<owner>
<flickrid>NULL</flickrid>
<name>Label Studio</name>
</owner>
<size>
<width>1500</width>
<height>980</height>
<depth>3</depth>
</size>
<segmented>0</segmented>
<object>
<name>Flower</name>
<pose>Unspecified</pose>
<truncated>0</truncated>
<difficult>0</difficult>
<bndbox>
<xmin>672</xmin>
<ymin>385</ymin>
<xmax>1102</xmax>
<ymax>703</ymax>
</bndbox>
</object>
</annotation>
