<?xml version="1.0" encoding="utf-8"?>
<annotation>
<folder>images</folder>
<filename>5ffaf1fc-national_velvet_540_x_673_1.jpg</filename>
<source>
<database>MyDatabase</database>
<annotation>COCO2017</annotation>
<image>flickr</image>
<flickrid>NULL</flickrid>
<annotator>1</annotator>
</source>
<owner>
<flickrid>NULL</flickrid>
<name>Label Studio</name>
</owner>
<size>
<width>585</width>
<height>729</height>
<depth>3</depth>
</size>
<segmented>0</segmented>
<object>
<name>Flower</name>
<pose>Unspecified</pose>
<truncated>0</truncated>
<difficult>0</difficult>
<bndbox>
<xmin>31</xmin>
<ymin>54</ymin>
<xmax>573</xmax>
<ymax>655</ymax>
</bndbox>
</object>
</annotation>
