<?xml version="1.0" encoding="utf-8"?>
<annotation>
<folder>images</folder>
<filename>615c7dcc-852191d6-7781-4087-b363-b18cab6c6032-9f37b7c.jpg</filename>
<source>
<database>MyDatabase</database>
<annotation>COCO2017</annotation>
<image>flickr</image>
<flickrid>NULL</flickrid>
<annotator>1</annotator>
</source>
<owner>
<flickrid>NULL</flickrid>
<name>Label Studio</name>
</owner>
<size>
<width>960</width>
<height>640</height>
<depth>3</depth>
</size>
<segmented>0</segmented>
<object>
<name>Flower</name>
<pose>Unspecified</pose>
<truncated>0</truncated>
<difficult>0</difficult>
<bndbox>
<xmin>209</xmin>
<ymin>56</ymin>
<xmax>699</xmax>
<ymax>520</ymax>
</bndbox>
</object>
</annotation>
