<?xml version="1.0" encoding="utf-8"?>
<annotation>
<folder>images</folder>
<filename>6197f14d-White-Calla-Lily.jpg</filename>
<source>
<database>MyDatabase</database>
<annotation>COCO2017</annotation>
<image>flickr</image>
<flickrid>NULL</flickrid>
<annotator>1</annotator>
</source>
<owner>
<flickrid>NULL</flickrid>
<name>Label Studio</name>
</owner>
<size>
<width>500</width>
<height>334</height>
<depth>3</depth>
</size>
<segmented>0</segmented>
<object>
<name>Flower</name>
<pose>Unspecified</pose>
<truncated>0</truncated>
<difficult>0</difficult>
<bndbox>
<xmin>86</xmin>
<ymin>87</ymin>
<xmax>290</xmax>
<ymax>295</ymax>
</bndbox>
</object>
</annotation>
