<?xml version="1.0" encoding="utf-8"?>
<annotation>
<folder>images</folder>
<filename>6a7c11d5-Hydrangea-Big-Daddy.jpg</filename>
<source>
<database>MyDatabase</database>
<annotation>COCO2017</annotation>
<image>flickr</image>
<flickrid>NULL</flickrid>
<annotator>1</annotator>
</source>
<owner>
<flickrid>NULL</flickrid>
<name>Label Studio</name>
</owner>
<size>
<width>800</width>
<height>500</height>
<depth>3</depth>
</size>
<segmented>0</segmented>
<object>
<name>Flower</name>
<pose>Unspecified</pose>
<truncated>0</truncated>
<difficult>0</difficult>
<bndbox>
<xmin>4</xmin>
<ymin>109</ymin>
<xmax>296</xmax>
<ymax>342</ymax>
</bndbox>
</object>
</annotation>
