<?xml version="1.0" encoding="utf-8"?>
<annotation>
<folder>images</folder>
<filename>6fa1ed26-images_3.jfif</filename>
<source>
<database>MyDatabase</database>
<annotation>COCO2017</annotation>
<image>flickr</image>
<flickrid>NULL</flickrid>
<annotator>1</annotator>
</source>
<owner>
<flickrid>NULL</flickrid>
<name>Label Studio</name>
</owner>
<size>
<width>266</width>
<height>189</height>
<depth>3</depth>
</size>
<segmented>0</segmented>
<object>
<name>Flower</name>
<pose>Unspecified</pose>
<truncated>0</truncated>
<difficult>0</difficult>
<bndbox>
<xmin>8</xmin>
<ymin>10</ymin>
<xmax>193</xmax>
<ymax>181</ymax>
</bndbox>
</object>
</annotation>
