<?xml version="1.0" encoding="utf-8"?>
<annotation>
<folder>images</folder>
<filename>7500bed7-66120.jpg</filename>
<source>
<database>MyDatabase</database>
<annotation>COCO2017</annotation>
<image>flickr</image>
<flickrid>NULL</flickrid>
<annotator>1</annotator>
</source>
<owner>
<flickrid>NULL</flickrid>
<name>Label Studio</name>
</owner>
<size>
<width>700</width>
<height>700</height>
<depth>3</depth>
</size>
<segmented>0</segmented>
<object>
<name>Flower</name>
<pose>Unspecified</pose>
<truncated>0</truncated>
<difficult>0</difficult>
<bndbox>
<xmin>48</xmin>
<ymin>41</ymin>
<xmax>621</xmax>
<ymax>646</ymax>
</bndbox>
</object>
</annotation>
