<?xml version="1.0" encoding="utf-8"?>
<annotation>
<folder>images</folder>
<filename>75bd5b11-shutterstock_459973840.jpg</filename>
<source>
<database>MyDatabase</database>
<annotation>COCO2017</annotation>
<image>flickr</image>
<flickrid>NULL</flickrid>
<annotator>1</annotator>
</source>
<owner>
<flickrid>NULL</flickrid>
<name>Label Studio</name>
</owner>
<size>
<width>1000</width>
<height>664</height>
<depth>3</depth>
</size>
<segmented>0</segmented>
<object>
<name>Flower</name>
<pose>Unspecified</pose>
<truncated>0</truncated>
<difficult>0</difficult>
<bndbox>
<xmin>35</xmin>
<ymin>77</ymin>
<xmax>704</xmax>
<ymax>660</ymax>
</bndbox>
</object>
</annotation>
