<?xml version="1.0" encoding="utf-8"?>
<annotation>
<folder>images</folder>
<filename>783bc3ba-photo-1567852944453-60c2340ca10b.jfif</filename>
<source>
<database>MyDatabase</database>
<annotation>COCO2017</annotation>
<image>flickr</image>
<flickrid>NULL</flickrid>
<annotator>1</annotator>
</source>
<owner>
<flickrid>NULL</flickrid>
<name>Label Studio</name>
</owner>
<size>
<width>1000</width>
<height>665</height>
<depth>3</depth>
</size>
<segmented>0</segmented>
<object>
<name>Flower</name>
<pose>Unspecified</pose>
<truncated>0</truncated>
<difficult>0</difficult>
<bndbox>
<xmin>104</xmin>
<ymin>35</ymin>
<xmax>808</xmax>
<ymax>634</ymax>
</bndbox>
</object>
</annotation>
