<?xml version="1.0" encoding="utf-8"?>
<annotation>
<folder>images</folder>
<filename>829aefe3-BDABN-0-Daffodil-Banana-Splash158383-vb.1585679405.jpg</filename>
<source>
<database>MyDatabase</database>
<annotation>COCO2017</annotation>
<image>flickr</image>
<flickrid>NULL</flickrid>
<annotator>1</annotator>
</source>
<owner>
<flickrid>NULL</flickrid>
<name>Label Studio</name>
</owner>
<size>
<width>650</width>
<height>867</height>
<depth>3</depth>
</size>
<segmented>0</segmented>
<object>
<name>Flower</name>
<pose>Unspecified</pose>
<truncated>0</truncated>
<difficult>0</difficult>
<bndbox>
<xmin>27</xmin>
<ymin>58</ymin>
<xmax>635</xmax>
<ymax>681</ymax>
</bndbox>
</object>
</annotation>
