<?xml version="1.0" encoding="utf-8"?>
<annotation>
<folder>images</folder>
<filename>865a77aa-white-lily-royalty-free-image-1642631560.jpg</filename>
<source>
<database>MyDatabase</database>
<annotation>COCO2017</annotation>
<image>flickr</image>
<flickrid>NULL</flickrid>
<annotator>1</annotator>
</source>
<owner>
<flickrid>NULL</flickrid>
<name>Label Studio</name>
</owner>
<size>
<width>1200</width>
<height>602</height>
<depth>3</depth>
</size>
<segmented>0</segmented>
<object>
<name>Flower</name>
<pose>Unspecified</pose>
<truncated>0</truncated>
<difficult>0</difficult>
<bndbox>
<xmin>202</xmin>
<ymin>8</ymin>
<xmax>877</xmax>
<ymax>596</ymax>
</bndbox>
</object>
</annotation>
