<?xml version="1.0" encoding="utf-8"?>
<annotation>
<folder>images</folder>
<filename>899b1f1c-blue-diamond-double-tulip-bulbs.jpg</filename>
<source>
<database>MyDatabase</database>
<annotation>COCO2017</annotation>
<image>flickr</image>
<flickrid>NULL</flickrid>
<annotator>1</annotator>
</source>
<owner>
<flickrid>NULL</flickrid>
<name>Label Studio</name>
</owner>
<size>
<width>1000</width>
<height>1000</height>
<depth>3</depth>
</size>
<segmented>0</segmented>
<object>
<name>Flower</name>
<pose>Unspecified</pose>
<truncated>0</truncated>
<difficult>0</difficult>
<bndbox>
<xmin>42</xmin>
<ymin>16</ymin>
<xmax>958</xmax>
<ymax>848</ymax>
</bndbox>
</object>
</annotation>
