<?xml version="1.0" encoding="utf-8"?>
<annotation>
<folder>images</folder>
<filename>9147e0f0-0_InShot_20201030_164747900.jpg</filename>
<source>
<database>MyDatabase</database>
<annotation>COCO2017</annotation>
<image>flickr</image>
<flickrid>NULL</flickrid>
<annotator>1</annotator>
</source>
<owner>
<flickrid>NULL</flickrid>
<name>Label Studio</name>
</owner>
<size>
<width>1087</width>
<height>924</height>
<depth>3</depth>
</size>
<segmented>0</segmented>
<object>
<name>Flower</name>
<pose>Unspecified</pose>
<truncated>0</truncated>
<difficult>0</difficult>
<bndbox>
<xmin>107</xmin>
<ymin>16</ymin>
<xmax>976</xmax>
<ymax>877</ymax>
</bndbox>
</object>
</annotation>
