<?xml version="1.0" encoding="utf-8"?>
<annotation>
<folder>images</folder>
<filename>916b8b9b-purple-tulip-martin-morehead.jpg</filename>
<source>
<database>MyDatabase</database>
<annotation>COCO2017</annotation>
<image>flickr</image>
<flickrid>NULL</flickrid>
<annotator>1</annotator>
</source>
<owner>
<flickrid>NULL</flickrid>
<name>Label Studio</name>
</owner>
<size>
<width>900</width>
<height>844</height>
<depth>3</depth>
</size>
<segmented>0</segmented>
<object>
<name>Flower</name>
<pose>Unspecified</pose>
<truncated>0</truncated>
<difficult>0</difficult>
<bndbox>
<xmin>165</xmin>
<ymin>179</ymin>
<xmax>584</xmax>
<ymax>640</ymax>
</bndbox>
</object>
</annotation>
