<?xml version="1.0" encoding="utf-8"?>
<annotation>
<folder>images</folder>
<filename>949214e2-daisy-pollen-flower-nature-3.jpeg</filename>
<source>
<database>MyDatabase</database>
<annotation>COCO2017</annotation>
<image>flickr</image>
<flickrid>NULL</flickrid>
<annotator>1</annotator>
</source>
<owner>
<flickrid>NULL</flickrid>
<name>Label Studio</name>
</owner>
<size>
<width>467</width>
<height>350</height>
<depth>3</depth>
</size>
<segmented>0</segmented>
<object>
<name>Flower</name>
<pose>Unspecified</pose>
<truncated>0</truncated>
<difficult>0</difficult>
<bndbox>
<xmin>119</xmin>
<ymin>10</ymin>
<xmax>454</xmax>
<ymax>324</ymax>
</bndbox>
</object>
</annotation>
