<?xml version="1.0" encoding="utf-8"?>
<annotation>
<folder>images</folder>
<filename>9970c140-rose-165819__340.jpg</filename>
<source>
<database>MyDatabase</database>
<annotation>COCO2017</annotation>
<image>flickr</image>
<flickrid>NULL</flickrid>
<annotator>1</annotator>
</source>
<owner>
<flickrid>NULL</flickrid>
<name>Label Studio</name>
</owner>
<size>
<width>513</width>
<height>340</height>
<depth>3</depth>
</size>
<segmented>0</segmented>
<object>
<name>Flower</name>
<pose>Unspecified</pose>
<truncated>0</truncated>
<difficult>0</difficult>
<bndbox>
<xmin>151</xmin>
<ymin>17</ymin>
<xmax>481</xmax>
<ymax>318</ymax>
</bndbox>
</object>
</annotation>
