<?xml version="1.0" encoding="utf-8"?>
<annotation>
<folder>images</folder>
<filename>9c2c8840-Narcissus_Kedron_0010328_2__68392.jpg</filename>
<source>
<database>MyDatabase</database>
<annotation>COCO2017</annotation>
<image>flickr</image>
<flickrid>NULL</flickrid>
<annotator>1</annotator>
</source>
<owner>
<flickrid>NULL</flickrid>
<name>Label Studio</name>
</owner>
<size>
<width>1280</width>
<height>1280</height>
<depth>3</depth>
</size>
<segmented>0</segmented>
<object>
<name>Flower</name>
<pose>Unspecified</pose>
<truncated>0</truncated>
<difficult>0</difficult>
<bndbox>
<xmin>468</xmin>
<ymin>61</ymin>
<xmax>833</xmax>
<ymax>431</ymax>
</bndbox>
</object>
</annotation>
