<?xml version="1.0" encoding="utf-8"?>
<annotation>
<folder>images</folder>
<filename>9cc795d0-easter-lily-royalty-free-image-1583439719.jpg</filename>
<source>
<database>MyDatabase</database>
<annotation>COCO2017</annotation>
<image>flickr</image>
<flickrid>NULL</flickrid>
<annotator>1</annotator>
</source>
<owner>
<flickrid>NULL</flickrid>
<name>Label Studio</name>
</owner>
<size>
<width>2121</width>
<height>1414</height>
<depth>3</depth>
</size>
<segmented>0</segmented>
<object>
<name>Flower</name>
<pose>Unspecified</pose>
<truncated>0</truncated>
<difficult>0</difficult>
<bndbox>
<xmin>876</xmin>
<ymin>285</ymin>
<xmax>1757</xmax>
<ymax>1204</ymax>
</bndbox>
</object>
</annotation>
