<?xml version="1.0" encoding="utf-8"?>
<annotation>
<folder>images</folder>
<filename>9f8fa007-AdobeStock_332792126_2.jpeg</filename>
<source>
<database>MyDatabase</database>
<annotation>COCO2017</annotation>
<image>flickr</image>
<flickrid>NULL</flickrid>
<annotator>1</annotator>
</source>
<owner>
<flickrid>NULL</flickrid>
<name>Label Studio</name>
</owner>
<size>
<width>1200</width>
<height>800</height>
<depth>3</depth>
</size>
<segmented>0</segmented>
<object>
<name>Flower</name>
<pose>Unspecified</pose>
<truncated>0</truncated>
<difficult>0</difficult>
<bndbox>
<xmin>151</xmin>
<ymin>114</ymin>
<xmax>765</xmax>
<ymax>709</ymax>
</bndbox>
</object>
</annotation>
