<?xml version="1.0" encoding="utf-8"?>
<annotation>
<folder>images</folder>
<filename>a37b0537-804d00a8d8791f76295e578e618958d1.jpg</filename>
<source>
<database>MyDatabase</database>
<annotation>COCO2017</annotation>
<image>flickr</image>
<flickrid>NULL</flickrid>
<annotator>1</annotator>
</source>
<owner>
<flickrid>NULL</flickrid>
<name>Label Studio</name>
</owner>
<size>
<width>3024</width>
<height>4032</height>
<depth>3</depth>
</size>
<segmented>0</segmented>
<object>
<name>Flower</name>
<pose>Unspecified</pose>
<truncated>0</truncated>
<difficult>0</difficult>
<bndbox>
<xmin>216</xmin>
<ymin>734</ymin>
<xmax>2858</xmax>
<ymax>3261</ymax>
</bndbox>
</object>
</annotation>
