<?xml version="1.0" encoding="utf-8"?>
<annotation>
<folder>images</folder>
<filename>a736db06-__opt__aboutcom__coeus__resources__content_migration__mnn__images__201_UQ3n8Rn.jpg</filename>
<source>
<database>MyDatabase</database>
<annotation>COCO2017</annotation>
<image>flickr</image>
<flickrid>NULL</flickrid>
<annotator>1</annotator>
</source>
<owner>
<flickrid>NULL</flickrid>
<name>Label Studio</name>
</owner>
<size>
<width>1000</width>
<height>665</height>
<depth>3</depth>
</size>
<segmented>0</segmented>
<object>
<name>Flower</name>
<pose>Unspecified</pose>
<truncated>0</truncated>
<difficult>0</difficult>
<bndbox>
<xmin>235</xmin>
<ymin>162</ymin>
<xmax>733</xmax>
<ymax>633</ymax>
</bndbox>
</object>
</annotation>
