<?xml version="1.0" encoding="utf-8"?>
<annotation>
<folder>images</folder>
<filename>aaa1e3e2-75-Best-Types-of-Red-Flowers-With-Names-Pictures_1.jpeg</filename>
<source>
<database>MyDatabase</database>
<annotation>COCO2017</annotation>
<image>flickr</image>
<flickrid>NULL</flickrid>
<annotator>1</annotator>
</source>
<owner>
<flickrid>NULL</flickrid>
<name>Label Studio</name>
</owner>
<size>
<width>1400</width>
<height>942</height>
<depth>3</depth>
</size>
<segmented>0</segmented>
<object>
<name>Flower</name>
<pose>Unspecified</pose>
<truncated>0</truncated>
<difficult>0</difficult>
<bndbox>
<xmin>243</xmin>
<ymin>129</ymin>
<xmax>978</xmax>
<ymax>838</ymax>
</bndbox>
</object>
</annotation>
