<?xml version="1.0" encoding="utf-8"?>
<annotation>
<folder>images</folder>
<filename>afc5fec1-Single_lavender_flower02.jpg</filename>
<source>
<database>MyDatabase</database>
<annotation>COCO2017</annotation>
<image>flickr</image>
<flickrid>NULL</flickrid>
<annotator>1</annotator>
</source>
<owner>
<flickrid>NULL</flickrid>
<name>Label Studio</name>
</owner>
<size>
<width>1200</width>
<height>900</height>
<depth>3</depth>
</size>
<segmented>0</segmented>
<object>
<name>Flower</name>
<pose>Unspecified</pose>
<truncated>0</truncated>
<difficult>0</difficult>
<bndbox>
<xmin>212</xmin>
<ymin>48</ymin>
<xmax>591</xmax>
<ymax>761</ymax>
</bndbox>
</object>
</annotation>
