<?xml version="1.0" encoding="utf-8"?>
<annotation>
<folder>images</folder>
<filename>b1c8adc2-ereit-zum-hochladen-21577-1-21577-Triumph-Tulpe-National-Velvet-7-Stue_REwohX9.jpg</filename>
<source>
<database>MyDatabase</database>
<annotation>COCO2017</annotation>
<image>flickr</image>
<flickrid>NULL</flickrid>
<annotator>1</annotator>
</source>
<owner>
<flickrid>NULL</flickrid>
<name>Label Studio</name>
</owner>
<size>
<width>1500</width>
<height>1500</height>
<depth>3</depth>
</size>
<segmented>0</segmented>
<object>
<name>Flower</name>
<pose>Unspecified</pose>
<truncated>0</truncated>
<difficult>0</difficult>
<bndbox>
<xmin>107</xmin>
<ymin>53</ymin>
<xmax>1323</xmax>
<ymax>1336</ymax>
</bndbox>
</object>
</annotation>
