<?xml version="1.0" encoding="utf-8"?>
<annotation>
<folder>images</folder>
<filename>b946ff73-1140160-HSC00001-7.jpg</filename>
<source>
<database>MyDatabase</database>
<annotation>COCO2017</annotation>
<image>flickr</image>
<flickrid>NULL</flickrid>
<annotator>1</annotator>
</source>
<owner>
<flickrid>NULL</flickrid>
<name>Label Studio</name>
</owner>
<size>
<width>770</width>
<height>1026</height>
<depth>3</depth>
</size>
<segmented>0</segmented>
<object>
<name>Flower</name>
<pose>Unspecified</pose>
<truncated>0</truncated>
<difficult>0</difficult>
<bndbox>
<xmin>40</xmin>
<ymin>3</ymin>
<xmax>751</xmax>
<ymax>686</ymax>
</bndbox>
</object>
</annotation>
