<?xml version="1.0" encoding="utf-8"?>
<annotation>
<folder>images</folder>
<filename>c13b1642-63ff9be6415089da529bdf80e3d424cd--pansy-butterfly.jpg</filename>
<source>
<database>MyDatabase</database>
<annotation>COCO2017</annotation>
<image>flickr</image>
<flickrid>NULL</flickrid>
<annotator>1</annotator>
</source>
<owner>
<flickrid>NULL</flickrid>
<name>Label Studio</name>
</owner>
<size>
<width>539</width>
<height>580</height>
<depth>3</depth>
</size>
<segmented>0</segmented>
<object>
<name>Flower</name>
<pose>Unspecified</pose>
<truncated>0</truncated>
<difficult>0</difficult>
<bndbox>
<xmin>54</xmin>
<ymin>159</ymin>
<xmax>256</xmax>
<ymax>398</ymax>
</bndbox>
</object>
</annotation>
