<?xml version="1.0" encoding="utf-8"?>
<annotation>
<folder>images</folder>
<filename>c294406a-f00879_a4474624526b4b358534f4395f20079a_mv2_d_3072_2304_s_2.jpg</filename>
<source>
<database>MyDatabase</database>
<annotation>COCO2017</annotation>
<image>flickr</image>
<flickrid>NULL</flickrid>
<annotator>1</annotator>
</source>
<owner>
<flickrid>NULL</flickrid>
<name>Label Studio</name>
</owner>
<size>
<width>1773</width>
<height>1330</height>
<depth>3</depth>
</size>
<segmented>0</segmented>
<object>
<name>Flower</name>
<pose>Unspecified</pose>
<truncated>0</truncated>
<difficult>0</difficult>
<bndbox>
<xmin>759</xmin>
<ymin>235</ymin>
<xmax>1679</xmax>
<ymax>1230</ymax>
</bndbox>
</object>
</annotation>
