<?xml version="1.0" encoding="utf-8"?>
<annotation>
<folder>images</folder>
<filename>c634a2dc-UK_plant-finder-perennials-peony_main.jpg</filename>
<source>
<database>MyDatabase</database>
<annotation>COCO2017</annotation>
<image>flickr</image>
<flickrid>NULL</flickrid>
<annotator>1</annotator>
</source>
<owner>
<flickrid>NULL</flickrid>
<name>Label Studio</name>
</owner>
<size>
<width>1504</width>
<height>1128</height>
<depth>3</depth>
</size>
<segmented>0</segmented>
<object>
<name>Flower</name>
<pose>Unspecified</pose>
<truncated>0</truncated>
<difficult>0</difficult>
<bndbox>
<xmin>34</xmin>
<ymin>24</ymin>
<xmax>1427</xmax>
<ymax>1125</ymax>
</bndbox>
</object>
</annotation>
