<?xml version="1.0" encoding="utf-8"?>
<annotation>
<folder>images</folder>
<filename>c90acc57-pictures-of-red-flowers-4061761-01-d08e7631918a4bd299f9422933980c12.jpg</filename>
<source>
<database>MyDatabase</database>
<annotation>COCO2017</annotation>
<image>flickr</image>
<flickrid>NULL</flickrid>
<annotator>1</annotator>
</source>
<owner>
<flickrid>NULL</flickrid>
<name>Label Studio</name>
</owner>
<size>
<width>1500</width>
<height>996</height>
<depth>3</depth>
</size>
<segmented>0</segmented>
<object>
<name>Flower</name>
<pose>Unspecified</pose>
<truncated>0</truncated>
<difficult>0</difficult>
<bndbox>
<xmin>284</xmin>
<ymin>119</ymin>
<xmax>1175</xmax>
<ymax>885</ymax>
</bndbox>
</object>
</annotation>
