<?xml version="1.0" encoding="utf-8"?>
<annotation>
<folder>images</folder>
<filename>cf1e7a0e-Jasmine-Flower-Wallpapers-HD-Wallpaper-Cave.jpg</filename>
<source>
<database>MyDatabase</database>
<annotation>COCO2017</annotation>
<image>flickr</image>
<flickrid>NULL</flickrid>
<annotator>1</annotator>
</source>
<owner>
<flickrid>NULL</flickrid>
<name>Label Studio</name>
</owner>
<size>
<width>1024</width>
<height>768</height>
<depth>3</depth>
</size>
<segmented>0</segmented>
<object>
<name>Flower</name>
<pose>Unspecified</pose>
<truncated>0</truncated>
<difficult>0</difficult>
<bndbox>
<xmin>160</xmin>
<ymin>204</ymin>
<xmax>743</xmax>
<ymax>681</ymax>
</bndbox>
</object>
</annotation>
