<?xml version="1.0" encoding="utf-8"?>
<annotation>
<folder>images</folder>
<filename>d08ace4b-360_F_105573812_cvD4P5jo6tMPhZULX324qUYFbNpXlisD.jpg</filename>
<source>
<database>MyDatabase</database>
<annotation>COCO2017</annotation>
<image>flickr</image>
<flickrid>NULL</flickrid>
<annotator>1</annotator>
</source>
<owner>
<flickrid>NULL</flickrid>
<name>Label Studio</name>
</owner>
<size>
<width>528</width>
<height>360</height>
<depth>3</depth>
</size>
<segmented>0</segmented>
<object>
<name>Flower</name>
<pose>Unspecified</pose>
<truncated>0</truncated>
<difficult>0</difficult>
<bndbox>
<xmin>106</xmin>
<ymin>28</ymin>
<xmax>422</xmax>
<ymax>345</ymax>
</bndbox>
</object>
</annotation>
