<?xml version="1.0" encoding="utf-8"?>
<annotation>
<folder>images</folder>
<filename>d233b298-26527a.jpg</filename>
<source>
<database>MyDatabase</database>
<annotation>COCO2017</annotation>
<image>flickr</image>
<flickrid>NULL</flickrid>
<annotator>1</annotator>
</source>
<owner>
<flickrid>NULL</flickrid>
<name>Label Studio</name>
</owner>
<size>
<width>1837</width>
<height>1206</height>
<depth>3</depth>
</size>
<segmented>0</segmented>
<object>
<name>Flower</name>
<pose>Unspecified</pose>
<truncated>0</truncated>
<difficult>0</difficult>
<bndbox>
<xmin>389</xmin>
<ymin>96</ymin>
<xmax>1269</xmax>
<ymax>1015</ymax>
</bndbox>
</object>
</annotation>
