<?xml version="1.0" encoding="utf-8"?>
<annotation>
<folder>images</folder>
<filename>d3bd8bbd-photo-1589197515037-64a145b254be.jfif</filename>
<source>
<database>MyDatabase</database>
<annotation>COCO2017</annotation>
<image>flickr</image>
<flickrid>NULL</flickrid>
<annotator>1</annotator>
</source>
<owner>
<flickrid>NULL</flickrid>
<name>Label Studio</name>
</owner>
<size>
<width>1000</width>
<height>1333</height>
<depth>3</depth>
</size>
<segmented>0</segmented>
<object>
<name>Flower</name>
<pose>Unspecified</pose>
<truncated>0</truncated>
<difficult>0</difficult>
<bndbox>
<xmin>185</xmin>
<ymin>383</ymin>
<xmax>575</xmax>
<ymax>854</ymax>
</bndbox>
</object>
</annotation>
