<?xml version="1.0" encoding="utf-8"?>
<annotation>
<folder>images</folder>
<filename>d8610017-featured-img-of-post-156891.jpg</filename>
<source>
<database>MyDatabase</database>
<annotation>COCO2017</annotation>
<image>flickr</image>
<flickrid>NULL</flickrid>
<annotator>1</annotator>
</source>
<owner>
<flickrid>NULL</flickrid>
<name>Label Studio</name>
</owner>
<size>
<width>1200</width>
<height>799</height>
<depth>3</depth>
</size>
<segmented>0</segmented>
<object>
<name>Flower</name>
<pose>Unspecified</pose>
<truncated>0</truncated>
<difficult>0</difficult>
<bndbox>
<xmin>87</xmin>
<ymin>313</ymin>
<xmax>545</xmax>
<ymax>716</ymax>
</bndbox>
</object>
</annotation>
