<?xml version="1.0" encoding="utf-8"?>
<annotation>
<folder>images</folder>
<filename>d8f053c6-Narcissi-Flower-Record-3.jpg</filename>
<source>
<database>MyDatabase</database>
<annotation>COCO2017</annotation>
<image>flickr</image>
<flickrid>NULL</flickrid>
<annotator>1</annotator>
</source>
<owner>
<flickrid>NULL</flickrid>
<name>Label Studio</name>
</owner>
<size>
<width>1000</width>
<height>1000</height>
<depth>3</depth>
</size>
<segmented>0</segmented>
<object>
<name>Flower</name>
<pose>Unspecified</pose>
<truncated>0</truncated>
<difficult>0</difficult>
<bndbox>
<xmin>78</xmin>
<ymin>37</ymin>
<xmax>926</xmax>
<ymax>922</ymax>
</bndbox>
</object>
</annotation>
