<?xml version="1.0" encoding="utf-8"?>
<annotation>
<folder>images</folder>
<filename>dcc563f0-Lillies-1.jpeg</filename>
<source>
<database>MyDatabase</database>
<annotation>COCO2017</annotation>
<image>flickr</image>
<flickrid>NULL</flickrid>
<annotator>1</annotator>
</source>
<owner>
<flickrid>NULL</flickrid>
<name>Label Studio</name>
</owner>
<size>
<width>1300</width>
<height>731</height>
<depth>3</depth>
</size>
<segmented>0</segmented>
<object>
<name>Flower</name>
<pose>Unspecified</pose>
<truncated>0</truncated>
<difficult>0</difficult>
<bndbox>
<xmin>67</xmin>
<ymin>101</ymin>
<xmax>845</xmax>
<ymax>702</ymax>
</bndbox>
</object>
</annotation>
