<?xml version="1.0" encoding="utf-8"?>
<annotation>
<folder>images</folder>
<filename>e288e093-alstromeria-pink-e1584109469949.jpg</filename>
<source>
<database>MyDatabase</database>
<annotation>COCO2017</annotation>
<image>flickr</image>
<flickrid>NULL</flickrid>
<annotator>1</annotator>
</source>
<owner>
<flickrid>NULL</flickrid>
<name>Label Studio</name>
</owner>
<size>
<width>800</width>
<height>800</height>
<depth>3</depth>
</size>
<segmented>0</segmented>
<object>
<name>Flower</name>
<pose>Unspecified</pose>
<truncated>0</truncated>
<difficult>0</difficult>
<bndbox>
<xmin>7</xmin>
<ymin>137</ymin>
<xmax>412</xmax>
<ymax>617</ymax>
</bndbox>
</object>
<object>
<name>Flower</name>
<pose>Unspecified</pose>
<truncated>0</truncated>
<difficult>0</difficult>
<bndbox>
<xmin>412</xmin>
<ymin>105</ymin>
<xmax>787</xmax>
<ymax>599</ymax>
</bndbox>
</object>
</annotation>
