<?xml version="1.0" encoding="utf-8"?>
<annotation>
<folder>images</folder>
<filename>e820d151-images.jfif</filename>
<source>
<database>MyDatabase</database>
<annotation>COCO2017</annotation>
<image>flickr</image>
<flickrid>NULL</flickrid>
<annotator>1</annotator>
</source>
<owner>
<flickrid>NULL</flickrid>
<name>Label Studio</name>
</owner>
<size>
<width>202</width>
<height>250</height>
<depth>3</depth>
</size>
<segmented>0</segmented>
<object>
<name>Flower</name>
<pose>Unspecified</pose>
<truncated>0</truncated>
<difficult>0</difficult>
<bndbox>
<xmin>88</xmin>
<ymin>80</ymin>
<xmax>146</xmax>
<ymax>141</ymax>
</bndbox>
</object>
</annotation>
