<?xml version="1.0" encoding="utf-8"?>
<annotation>
<folder>images</folder>
<filename>e970f180-annuals-for-moist-soil-1.jpg</filename>
<source>
<database>MyDatabase</database>
<annotation>COCO2017</annotation>
<image>flickr</image>
<flickrid>NULL</flickrid>
<annotator>1</annotator>
</source>
<owner>
<flickrid>NULL</flickrid>
<name>Label Studio</name>
</owner>
<size>
<width>400</width>
<height>268</height>
<depth>3</depth>
</size>
<segmented>0</segmented>
<object>
<name>Flower</name>
<pose>Unspecified</pose>
<truncated>0</truncated>
<difficult>0</difficult>
<bndbox>
<xmin>223</xmin>
<ymin>2</ymin>
<xmax>391</xmax>
<ymax>175</ymax>
</bndbox>
</object>
</annotation>
