<?xml version="1.0" encoding="utf-8"?>
<annotation>
<folder>images</folder>
<filename>e999706d-how-to-grow-lavender-1652880193.jpg</filename>
<source>
<database>MyDatabase</database>
<annotation>COCO2017</annotation>
<image>flickr</image>
<flickrid>NULL</flickrid>
<annotator>1</annotator>
</source>
<owner>
<flickrid>NULL</flickrid>
<name>Label Studio</name>
</owner>
<size>
<width>1200</width>
<height>1198</height>
<depth>3</depth>
</size>
<segmented>0</segmented>
<object>
<name>Flower</name>
<pose>Unspecified</pose>
<truncated>0</truncated>
<difficult>0</difficult>
<bndbox>
<xmin>293</xmin>
<ymin>258</ymin>
<xmax>637</xmax>
<ymax>696</ymax>
</bndbox>
</object>
</annotation>
