<?xml version="1.0" encoding="utf-8"?>
<annotation>
<folder>images</folder>
<filename>e9bbcc5d-helianthus-yellow-flower-pixabay_11863.jpg</filename>
<source>
<database>MyDatabase</database>
<annotation>COCO2017</annotation>
<image>flickr</image>
<flickrid>NULL</flickrid>
<annotator>1</annotator>
</source>
<owner>
<flickrid>NULL</flickrid>
<name>Label Studio</name>
</owner>
<size>
<width>675</width>
<height>450</height>
<depth>3</depth>
</size>
<segmented>0</segmented>
<object>
<name>Flower</name>
<pose>Unspecified</pose>
<truncated>0</truncated>
<difficult>0</difficult>
<bndbox>
<xmin>258</xmin>
<ymin>32</ymin>
<xmax>662</xmax>
<ymax>401</ymax>
</bndbox>
</object>
</annotation>
