<?xml version="1.0" encoding="utf-8"?>
<annotation>
<folder>images</folder>
<filename>eaabb456-IMG_4445-scaled.jpg</filename>
<source>
<database>MyDatabase</database>
<annotation>COCO2017</annotation>
<image>flickr</image>
<flickrid>NULL</flickrid>
<annotator>1</annotator>
</source>
<owner>
<flickrid>NULL</flickrid>
<name>Label Studio</name>
</owner>
<size>
<width>2560</width>
<height>2560</height>
<depth>3</depth>
</size>
<segmented>0</segmented>
<object>
<name>Flower</name>
<pose>Unspecified</pose>
<truncated>0</truncated>
<difficult>0</difficult>
<bndbox>
<xmin>187</xmin>
<ymin>845</ymin>
<xmax>2011</xmax>
<ymax>2371</ymax>
</bndbox>
</object>
</annotation>
