<?xml version="1.0" encoding="utf-8"?>
<annotation>
<folder>images</folder>
<filename>eade29d4-bc9eb1c573c9d00c8ea0de706ad6b420.jpg</filename>
<source>
<database>MyDatabase</database>
<annotation>COCO2017</annotation>
<image>flickr</image>
<flickrid>NULL</flickrid>
<annotator>1</annotator>
</source>
<owner>
<flickrid>NULL</flickrid>
<name>Label Studio</name>
</owner>
<size>
<width>600</width>
<height>450</height>
<depth>3</depth>
</size>
<segmented>0</segmented>
<object>
<name>Flower</name>
<pose>Unspecified</pose>
<truncated>0</truncated>
<difficult>0</difficult>
<bndbox>
<xmin>208</xmin>
<ymin>108</ymin>
<xmax>460</xmax>
<ymax>323</ymax>
</bndbox>
</object>
</annotation>
