<?xml version="1.0" encoding="utf-8"?>
<annotation>
<folder>images</folder>
<filename>f00fd1f2-152-1525495_spring-flowers-wallpaper-for-desktop-hd-wallpaper-flower.jpg</filename>
<source>
<database>MyDatabase</database>
<annotation>COCO2017</annotation>
<image>flickr</image>
<flickrid>NULL</flickrid>
<annotator>1</annotator>
</source>
<owner>
<flickrid>NULL</flickrid>
<name>Label Studio</name>
</owner>
<size>
<width>1920</width>
<height>1080</height>
<depth>3</depth>
</size>
<segmented>0</segmented>
<object>
<name>Flower</name>
<pose>Unspecified</pose>
<truncated>0</truncated>
<difficult>0</difficult>
<bndbox>
<xmin>597</xmin>
<ymin>254</ymin>
<xmax>1160</xmax>
<ymax>740</ymax>
</bndbox>
</object>
</annotation>
