<?xml version="1.0" encoding="utf-8"?>
<annotation>
<folder>images</folder>
<filename>f093b835-b8c16903969c03dd2c976b3aed3e4bc9.jpg</filename>
<source>
<database>MyDatabase</database>
<annotation>COCO2017</annotation>
<image>flickr</image>
<flickrid>NULL</flickrid>
<annotator>1</annotator>
</source>
<owner>
<flickrid>NULL</flickrid>
<name>Label Studio</name>
</owner>
<size>
<width>3840</width>
<height>2160</height>
<depth>3</depth>
</size>
<segmented>0</segmented>
<object>
<name>Flower</name>
<pose>Unspecified</pose>
<truncated>0</truncated>
<difficult>0</difficult>
<bndbox>
<xmin>1609</xmin>
<ymin>152</ymin>
<xmax>3800</xmax>
<ymax>2077</ymax>
</bndbox>
</object>
</annotation>
