<?xml version="1.0" encoding="utf-8"?>
<annotation>
<folder>images</folder>
<filename>f15ad8f3-negrita-tulip-bulbs_571_17.jpg</filename>
<source>
<database>MyDatabase</database>
<annotation>COCO2017</annotation>
<image>flickr</image>
<flickrid>NULL</flickrid>
<annotator>1</annotator>
</source>
<owner>
<flickrid>NULL</flickrid>
<name>Label Studio</name>
</owner>
<size>
<width>800</width>
<height>533</height>
<depth>3</depth>
</size>
<segmented>0</segmented>
<object>
<name>Flower</name>
<pose>Unspecified</pose>
<truncated>0</truncated>
<difficult>0</difficult>
<bndbox>
<xmin>54</xmin>
<ymin>8</ymin>
<xmax>686</xmax>
<ymax>523</ymax>
</bndbox>
</object>
</annotation>
