<?xml version="1.0" encoding="utf-8"?>
<annotation>
<folder>images</folder>
<filename>f46c5e39-photo-1567428051128-5f09a0200655.jfif</filename>
<source>
<database>MyDatabase</database>
<annotation>COCO2017</annotation>
<image>flickr</image>
<flickrid>NULL</flickrid>
<annotator>1</annotator>
</source>
<owner>
<flickrid>NULL</flickrid>
<name>Label Studio</name>
</owner>
<size>
<width>1000</width>
<height>667</height>
<depth>3</depth>
</size>
<segmented>0</segmented>
<object>
<name>Flower</name>
<pose>Unspecified</pose>
<truncated>0</truncated>
<difficult>0</difficult>
<bndbox>
<xmin>392</xmin>
<ymin>277</ymin>
<xmax>745</xmax>
<ymax>647</ymax>
</bndbox>
</object>
</annotation>
