<?xml version="1.0" encoding="utf-8"?>
<annotation>
<folder>images</folder>
<filename>f54978ce-The-Myth-Behind-the-Flower-Narcissus-1.jpg</filename>
<source>
<database>MyDatabase</database>
<annotation>COCO2017</annotation>
<image>flickr</image>
<flickrid>NULL</flickrid>
<annotator>1</annotator>
</source>
<owner>
<flickrid>NULL</flickrid>
<name>Label Studio</name>
</owner>
<size>
<width>1000</width>
<height>667</height>
<depth>3</depth>
</size>
<segmented>0</segmented>
<object>
<name>Flower</name>
<pose>Unspecified</pose>
<truncated>0</truncated>
<difficult>0</difficult>
<bndbox>
<xmin>292</xmin>
<ymin>67</ymin>
<xmax>608</xmax>
<ymax>400</ymax>
</bndbox>
</object>
</annotation>
