<?xml version="1.0" encoding="utf-8"?>
<annotation>
<folder>images</folder>
<filename>f8147945-IMG_4301.jfif</filename>
<source>
<database>MyDatabase</database>
<annotation>COCO2017</annotation>
<image>flickr</image>
<flickrid>NULL</flickrid>
<annotator>1</annotator>
</source>
<owner>
<flickrid>NULL</flickrid>
<name>Label Studio</name>
</owner>
<size>
<width>2500</width>
<height>1667</height>
<depth>3</depth>
</size>
<segmented>0</segmented>
<object>
<name>Flower</name>
<pose>Unspecified</pose>
<truncated>0</truncated>
<difficult>0</difficult>
<bndbox>
<xmin>407</xmin>
<ymin>74</ymin>
<xmax>2258</xmax>
<ymax>1496</ymax>
</bndbox>
</object>
</annotation>
