<?xml version="1.0" encoding="utf-8"?>
<annotation>
<folder>images</folder>
<filename>ffb57fcd-ALSTLPI.jpg</filename>
<source>
<database>MyDatabase</database>
<annotation>COCO2017</annotation>
<image>flickr</image>
<flickrid>NULL</flickrid>
<annotator>1</annotator>
</source>
<owner>
<flickrid>NULL</flickrid>
<name>Label Studio</name>
</owner>
<size>
<width>1945</width>
<height>1972</height>
<depth>3</depth>
</size>
<segmented>0</segmented>
<object>
<name>Flower</name>
<pose>Unspecified</pose>
<truncated>0</truncated>
<difficult>0</difficult>
<bndbox>
<xmin>810</xmin>
<ymin>947</ymin>
<xmax>1391</xmax>
<ymax>1524</ymax>
</bndbox>
</object>
</annotation>
