{
  "images": [
    {
      "width": 1200,
      "height": 602,
      "id": 0,
      "file_name": "images\\3/865a77aa-white-lily-royalty-free-image-1642631560.jpg"
    },
    {
      "width": 500,
      "height": 334,
      "id": 1,
      "file_name": "images\\3/6197f14d-White-Calla-Lily.jpg"
    },
    {
      "width": 1504,
      "height": 1128,
      "id": 2,
      "file_name": "images\\3/c634a2dc-UK_plant-finder-perennials-peony_main.jpg"
    },
    {
      "width": 1200,
      "height": 630,
      "id": 3,
      "file_name": "images\\3/30539dd5-UK_plant-finder-herbs-lavender_main.jpg"
    },
    {
      "width": 1500,
      "height": 844,
      "id": 4,
      "file_name": "images\\3/1dc8f1bd-tulip-care-guide-hero._TTW_._CR434021331200_._SR1500844_._QL100_.jpg"
    },
    {
      "width": 650,
      "height": 750,
      "id": 5,
      "file_name": "images\\3/17ebdcb7-tulipa-bellville.jpg"
    },
    {
      "width": 1000,
      "height": 667,
      "id": 6,
      "file_name": "images\\3/f54978ce-The-Myth-Behind-the-Flower-Narcissus-1.jpg"
    },
    {
      "width": 1200,
      "height": 667,
      "id": 7,
      "file_name": "images\\3/e99efc04-Tagetes.jpeg"
    },
    {
      "width": 640,
      "height": 638,
      "id": 8,
      "file_name": "images\\3/f924a9fb-spring-flowers-1613759017.jpg"
    },
    {
      "width": 1200,
      "height": 900,
      "id": 9,
      "file_name": "images\\3/afc5fec1-Single_lavender_flower02.jpg"
    },
    {
      "width": 1000,
      "height": 664,
      "id": 10,
      "file_name": "images\\3/75bd5b11-shutterstock_459973840.jpg"
    },
    {
      "width": 600,
      "height": 500,
      "id": 11,
      "file_name": "images\\3/f4911073-screen-0.jpg"
    },
    {
      "width": 700,
      "height": 467,
      "id": 12,
      "file_name": "images\\3/184a871e-Rose-Meaning.jpg"
    },
    {
      "width": 439,
      "height": 340,
      "id": 13,
      "file_name": "images\\3/d6f0d47e-rose-320868__340.jpg"
    },
    {
      "width": 513,
      "height": 340,
      "id": 14,
      "file_name": "images\\3/9970c140-rose-165819__340.jpg"
    },
    {
      "width": 1200,
      "height": 980,
      "id": 15,
      "file_name": "images\\3/3497d6ea-Rosa_Ingrid_Bergman_2018-07-16_6611_cropped.jpg"
    },
    {
      "width": 900,
      "height": 844,
      "id": 16,
      "file_name": "images\\3/916b8b9b-purple-tulip-martin-morehead.jpg"
    },
    {
      "width": 700,
      "height": 466,
      "id": 17,
      "file_name": "images\\3/4c61fdd7-plumeria-6.jpg"
    },
    {
      "width": 267,
      "height": 200,
      "id": 18,
      "file_name": "images\\3/3c3e1ee2-plumeria_rubra.jpg"
    },
    {
      "width": 2048,
      "height": 1365,
      "id": 19,
      "file_name": "images\\3/5eb9558d-Plumeria_obtusa_2.jpg"
    },
    {
      "width": 1500,
      "height": 980,
      "id": 20,
      "file_name": "images\\3/5ec9c58b-pink-flowers-azalea-1.jpg"
    },
    {
      "width": 1500,
      "height": 996,
      "id": 21,
      "file_name": "images\\3/c90acc57-pictures-of-red-flowers-4061761-01-d08e7631918a4bd299f9422933980c12.jpg"
    },
    {
      "width": 1000,
      "height": 1333,
      "id": 22,
      "file_name": "images\\3/d3bd8bbd-photo-1589197515037-64a145b254be.jfif"
    },
    {
      "width": 1000,
      "height": 665,
      "id": 23,
      "file_name": "images\\3/783bc3ba-photo-1567852944453-60c2340ca10b.jfif"
    },
    {
      "width": 1000,
      "height": 667,
      "id": 24,
      "file_name": "images\\3/f46c5e39-photo-1567428051128-5f09a0200655.jfif"
    },
    {
      "width": 1000,
      "height": 668,
      "id": 25,
      "file_name": "images\\3/291c1442-photo-1501973931234-5ac2964cd94a.jfif"
    },
    {
      "width": 1000,
      "height": 1389,
      "id": 26,
      "file_name": "images\\3/1037ecca-photo-1562690868-60bbe7293e94.jfif"
    },
    {
      "width": 2000,
      "height": 1333,
      "id": 27,
      "file_name": "images\\3/1f7c3dbb-pexels-pixabay-36488.jpg"
    },
    {
      "width": 1200,
      "height": 667,
      "id": 28,
      "file_name": "images\\3/53d5aa12-peony-varieties-1200x667.jpg"
    },
    {
      "width": 850,
      "height": 833,
      "id": 29,
      "file_name": "images\\3/31bd9105-papaver_greek_04.jpg"
    },
    {
      "width": 1200,
      "height": 675,
      "id": 30,
      "file_name": "images\\3/23b89d4a-Paeonia-lactiflora-Moonstone-header_0947.jpeg"
    },
    {
      "width": 800,
      "height": 533,
      "id": 31,
      "file_name": "images\\3/f15ad8f3-negrita-tulip-bulbs_571_17.jpg"
    },
    {
      "width": 585,
      "height": 729,
      "id": 32,
      "file_name": "images\\3/5ffaf1fc-national_velvet_540_x_673_1.jpg"
    },
    {
      "width": 1280,
      "height": 1280,
      "id": 33,
      "file_name": "images\\3/9c2c8840-Narcissus_Kedron_0010328_2__68392.jpg"
    },
    {
      "width": 1000,
      "height": 1000,
      "id": 34,
      "file_name": "images\\3/d8f053c6-Narcissi-Flower-Record-3.jpg"
    },
    {
      "width": 640,
      "height": 480,
      "id": 35,
      "file_name": "images\\3/692d48ed-marigolds.jpg"
    },
    {
      "width": 1300,
      "height": 731,
      "id": 36,
      "file_name": "images\\3/dcc563f0-Lillies-1.jpeg"
    },
    {
      "width": 1200,
      "height": 1200,
      "id": 37,
      "file_name": "images\\3/017c4edb-Lilium_longiflorum_Easter_Lily.JPG"
    },
    {
      "width": 1024,
      "height": 768,
      "id": 38,
      "file_name": "images\\3/cf1e7a0e-Jasmine-Flower-Wallpapers-HD-Wallpaper-Cave.jpg"
    },
    {
      "width": 2560,
      "height": 2560,
      "id": 39,
      "file_name": "images\\3/eaabb456-IMG_4445-scaled.jpg"
    },
    {
      "width": 2500,
      "height": 1667,
      "id": 40,
      "file_name": "images\\3/f8147945-IMG_4301.jfif"
    },
    {
      "width": 202,
      "height": 250,
      "id": 41,
      "file_name": "images\\3/e820d151-images.jfif"
    },
    {
      "width": 225,
      "height": 225,
      "id": 42,
      "file_name": "images\\3/67450090-images_5.jfif"
    },
    {
      "width": 197,
      "height": 256,
      "id": 43,
      "file_name": "images\\3/ff43dad1-images_4.jfif"
    },
    {
      "width": 266,
      "height": 189,
      "id": 44,
      "file_name": "images\\3/6fa1ed26-images_3.jfif"
    },
    {
      "width": 184,
      "height": 274,
      "id": 45,
      "file_name": "images\\3/1220e4b1-images_2.jfif"
    },
    {
      "width": 275,
      "height": 183,
      "id": 46,
      "file_name": "images\\3/2a3d8e4c-images_1.jfif"
    },
    {
      "width": 999,
      "height": 666,
      "id": 47,
      "file_name": "images\\3/0f4e5311-Hydrangeas-5de6e7dc87efe.jpg"
    },
    {
      "width": 800,
      "height": 500,
      "id": 48,
      "file_name": "images\\3/6a7c11d5-Hydrangea-Big-Daddy.jpg"
    },
    {
      "width": 1200,
      "height": 1198,
      "id": 49,
      "file_name": "images\\3/e999706d-how-to-grow-lavender-1652880193.jpg"
    },
    {
      "width": 675,
      "height": 450,
      "id": 50,
      "file_name": "images\\3/e9bbcc5d-helianthus-yellow-flower-pixabay_11863.jpg"
    },
    {
      "width": 1200,
      "height": 900,
      "id": 51,
      "file_name": "images\\3/b097ce8e-GARDENIA-2.jpg"
    },
    {
      "width": 446,
      "height": 360,
      "id": 52,
      "file_name": "images\\3/230a11fd-gardenia.jpg"
    },
    {
      "width": 1200,
      "height": 667,
      "id": 53,
      "file_name": "images\\3/5ecf7d02-Flower-That-Looks-Like-Petunia-1200x667.jpg"
    },
    {
      "width": 1200,
      "height": 799,
      "id": 54,
      "file_name": "images\\3/d8610017-featured-img-of-post-156891.jpg"
    },
    {
      "width": 1773,
      "height": 1330,
      "id": 55,
      "file_name": "images\\3/c294406a-f00879_a4474624526b4b358534f4395f20079a_mv2_d_3072_2304_s_2.jpg"
    },
    {
      "width": 2048,
      "height": 1365,
      "id": 56,
      "file_name": "images\\3/1911eff1-f185aed9-856e-426e-b69a-5427cf843cbe-8547772.jpg"
    },
    {
      "width": 1500,
      "height": 1500,
      "id": 57,
      "file_name": "images\\3/b1c8adc2-ereit-zum-hochladen-21577-1-21577-Triumph-Tulpe-National-Velvet-7-Stue_REwohX9.jpg"
    },
    {
      "width": 640,
      "height": 640,
      "id": 58,
      "file_name": "images\\3/fe7804eb-easter-lily-royalty-free-image-1642700713.jpg"
    },
    {
      "width": 2121,
      "height": 1414,
      "id": 59,
      "file_name": "images\\3/9cc795d0-easter-lily-royalty-free-image-1583439719.jpg"
    },
    {
      "width": 201,
      "height": 251,
      "id": 60,
      "file_name": "images\\3/457ac032-download.jfif"
    },
    {
      "width": 600,
      "height": 400,
      "id": 61,
      "file_name": "images\\3/4a0ff74b-depositphotos_409377350-stock-photo-close-pink-hibiscus-flower-hibiscus.jpg"
    },
    {
      "width": 467,
      "height": 350,
      "id": 62,
      "file_name": "images\\3/949214e2-daisy-pollen-flower-nature-3.jpeg"
    },
    {
      "width": 2048,
      "height": 1536,
      "id": 63,
      "file_name": "images\\3/2ed18049-close-up-of-yellow-marigold-blooming-outdoors-royalty-free-image-91667_F1eGNSB.jpg"
    },
    {
      "width": 480,
      "height": 480,
      "id": 64,
      "file_name": "images\\3/f634a113-cash-darwin-hybrid-tulips.jpg"
    },
    {
      "width": 900,
      "height": 675,
      "id": 65,
      "file_name": "images\\3/9f45d626-calla-lily.jpg"
    },
    {
      "width": 1000,
      "height": 1000,
      "id": 66,
      "file_name": "images\\3/899b1f1c-blue-diamond-double-tulip-bulbs.jpg"
    },
    {
      "width": 1500,
      "height": 1000,
      "id": 67,
      "file_name": "images\\3/43ad26f2-beautiful-lily-varieties-to-grow-4136203-3-ecb49980016c4a498a90d6c379307ddd.jpg"
    },
    {
      "width": 650,
      "height": 867,
      "id": 68,
      "file_name": "images\\3/829aefe3-BDABN-0-Daffodil-Banana-Splash158383-vb.1585679405.jpg"
    },
    {
      "width": 600,
      "height": 450,
      "id": 69,
      "file_name": "images\\3/eade29d4-bc9eb1c573c9d00c8ea0de706ad6b420.jpg"
    },
    {
      "width": 3840,
      "height": 2160,
      "id": 70,
      "file_name": "images\\3/f093b835-b8c16903969c03dd2c976b3aed3e4bc9.jpg"
    },
    {
      "width": 400,
      "height": 268,
      "id": 71,
      "file_name": "images\\3/e970f180-annuals-for-moist-soil-1.jpg"
    },
    {
      "width": 800,
      "height": 800,
      "id": 72,
      "file_name": "images\\3/e288e093-alstromeria-pink-e1584109469949.jpg"
    },
    {
      "width": 1945,
      "height": 1972,
      "id": 73,
      "file_name": "images\\3/ffb57fcd-ALSTLPI.jpg"
    },
    {
      "width": 1200,
      "height": 800,
      "id": 74,
      "file_name": "images\\3/9f8fa007-AdobeStock_332792126_2.jpeg"
    },
    {
      "width": 1280,
      "height": 960,
      "id": 75,
      "file_name": "images\\3/20757044-1452646701760_1.jpeg"
    },
    {
      "width": 678,
      "height": 1024,
      "id": 76,
      "file_name": "images\\3/076a65d5-8670450088_ea956a32db_b.jpg"
    },
    {
      "width": 1024,
      "height": 576,
      "id": 77,
      "file_name": "images\\3/3e5afa6b-52496367af8148308ebf726b3daebc89.jpg"
    },
    {
      "width": 770,
      "height": 1026,
      "id": 78,
      "file_name": "images\\3/b946ff73-1140160-HSC00001-7.jpg"
    },
    {
      "width": 960,
      "height": 640,
      "id": 79,
      "file_name": "images\\3/615c7dcc-852191d6-7781-4087-b363-b18cab6c6032-9f37b7c.jpg"
    },
    {
      "width": 700,
      "height": 700,
      "id": 80,
      "file_name": "images\\3/97d289ed-75542-75542-image-75542-gardenia_peony.jpg"
    },
    {
      "width": 700,
      "height": 700,
      "id": 81,
      "file_name": "images\\3/7500bed7-66120.jpg"
    },
    {
      "width": 1837,
      "height": 1206,
      "id": 82,
      "file_name": "images\\3/d233b298-26527a.jpg"
    },
    {
      "width": 2048,
      "height": 1365,
      "id": 83,
      "file_name": "images\\3/1cbde2c0-6774d4b1-3986-4c98-930f-ce55aeb475f9-14f242d.jpg"
    },
    {
      "width": 1200,
      "height": 900,
      "id": 84,
      "file_name": "images\\3/fcd7f4b0-1200px-PaeoniaSuffruticosa7.jpg"
    },
    {
      "width": 1200,
      "height": 1058,
      "id": 85,
      "file_name": "images\\3/1c11eb45-1200px-Flower_July_2011-2_1_cropped.jpg"
    },
    {
      "width": 3024,
      "height": 4032,
      "id": 86,
      "file_name": "images\\3/a37b0537-804d00a8d8791f76295e578e618958d1.jpg"
    },
    {
      "width": 528,
      "height": 360,
      "id": 87,
      "file_name": "images\\3/d08ace4b-360_F_105573812_cvD4P5jo6tMPhZULX324qUYFbNpXlisD.jpg"
    },
    {
      "width": 1920,
      "height": 1080,
      "id": 88,
      "file_name": "images\\3/f00fd1f2-152-1525495_spring-flowers-wallpaper-for-desktop-hd-wallpaper-flower.jpg"
    },
    {
      "width": 1400,
      "height": 942,
      "id": 89,
      "file_name": "images\\3/aaa1e3e2-75-Best-Types-of-Red-Flowers-With-Names-Pictures_1.jpeg"
    },
    {
      "width": 539,
      "height": 580,
      "id": 90,
      "file_name": "images\\3/c13b1642-63ff9be6415089da529bdf80e3d424cd--pansy-butterfly.jpg"
    },
    {
      "width": 2048,
      "height": 1365,
      "id": 91,
      "file_name": "images\\3/56c22dde-8b79a847-3fb1-490b-a83f-7d6a635a49a8-89d3fe1.jpg"
    },
    {
      "width": 620,
      "height": 619,
      "id": 92,
      "file_name": "images\\3/bc1a5153-01-peony-blush.jpg"
    },
    {
      "width": 620,
      "height": 619,
      "id": 93,
      "file_name": "images\\3/83524b71-01-peony-blush_1.jpg"
    },
    {
      "width": 900,
      "height": 737,
      "id": 94,
      "file_name": "images\\3/5c417aa5-01-1135_-1.jpg"
    },
    {
      "width": 483,
      "height": 600,
      "id": 95,
      "file_name": "images\\3/d346a3a7-01_BU216.jpg"
    },
    {
      "width": 483,
      "height": 600,
      "id": 96,
      "file_name": "images\\3/74fbb877-01_4255313554424431352d494e3231.jpg"
    },
    {
      "width": 483,
      "height": 600,
      "id": 97,
      "file_name": "images\\3/c9948703-01_42553136544e5631352d494e3231.jpg"
    },
    {
      "width": 1087,
      "height": 924,
      "id": 98,
      "file_name": "images\\3/9147e0f0-0_InShot_20201030_164747900.jpg"
    },
    {
      "width": 1000,
      "height": 665,
      "id": 99,
      "file_name": "images\\3/a736db06-__opt__aboutcom__coeus__resources__content_migration__mnn__images__201_UQ3n8Rn.jpg"
    }
  ],
  "categories": [
    {
      "id": 0,
      "name": "Flower"
    }
  ],
  "annotations": [
    {
      "id": 0,
      "image_id": 0,
      "category_id": 0,
      "segmentation": [],
      "bbox": [
        202,
        8,
        675,
        588
      ],
      "ignore": 0,
      "iscrowd": 0,
      "area": 396900
    },
    {
      "id": 1,
      "image_id": 1,
      "category_id": 0,
      "segmentation": [],
      "bbox": [
        86,
        87,
        204,
        208
      ],
      "ignore": 0,
      "iscrowd": 0,
      "area": 42432
    },
    {
      "id": 2,
      "image_id": 2,
      "category_id": 0,
      "segmentation": [],
      "bbox": [
        34,
        24,
        1393,
        1101
      ],
      "ignore": 0,
      "iscrowd": 0,
      "area": 1533693
    },
    {
      "id": 3,
      "image_id": 3,
      "category_id": 0,
      "segmentation": [],
      "bbox": [
        127,
        106,
        436,
        510
      ],
      "ignore": 0,
      "iscrowd": 0,
      "area": 222360
    },
    {
      "id": 4,
      "image_id": 4,
      "category_id": 0,
      "segmentation": [],
      "bbox": [
        485,
        1,
        326,
        341
      ],
      "ignore": 0,
      "iscrowd": 0,
      "area": 111166
    },
    {
      "id": 5,
      "image_id": 5,
      "category_id": 0,
      "segmentation": [],
      "bbox": [
        152,
        48,
        369,
        455
      ],
      "ignore": 0,
      "iscrowd": 0,
      "area": 167895
    },
    {
      "id": 6,
      "image_id": 6,
      "category_id": 0,
      "segmentation": [],
      "bbox": [
        292,
        67,
        316,
        333
      ],
      "ignore": 0,
      "iscrowd": 0,
      "area": 105228
    },
    {
      "id": 7,
      "image_id": 7,
      "category_id": 0,
      "segmentation": [],
      "bbox": [
        289,
        69,
        410,
        334
      ],
      "ignore": 0,
      "iscrowd": 0,
      "area": 136940
    },
    {
      "id": 8,
      "image_id": 8,
      "category_id": 0,
      "segmentation": [],
      "bbox": [
        281,
        10,
        350,
        287
      ],
      "ignore": 0,
      "iscrowd": 0,
      "area": 100450
    },
    {
      "id": 9,
      "image_id": 9,
      "category_id": 0,
      "segmentation": [],
      "bbox": [
        212,
        48,
        379,
        713
      ],
      "ignore": 0,
      "iscrowd": 0,
      "area": 270227
    },
    {
      "id": 10,
      "image_id": 10,
      "category_id": 0,
      "segmentation": [],
      "bbox": [
        35,
        77,
        669,
        583
      ],
      "ignore": 0,
      "iscrowd": 0,
      "area": 390027
    },
    {
      "id": 11,
      "image_id": 11,
      "category_id": 0,
      "segmentation": [],
      "bbox": [
        62,
        25,
        474,
        431
      ],
      "ignore": 0,
      "iscrowd": 0,
      "area": 204294
    },
    {
      "id": 12,
      "image_id": 12,
      "category_id": 0,
      "segmentation": [],
      "bbox": [
        18,
        2,
        577,
        441
      ],
      "ignore": 0,
      "iscrowd": 0,
      "area": 254457
    },
    {
      "id": 13,
      "image_id": 13,
      "category_id": 0,
      "segmentation": [],
      "bbox": [
        71,
        12,
        307,
        274
      ],
      "ignore": 0,
      "iscrowd": 0,
      "area": 84118
    },
    {
      "id": 14,
      "image_id": 14,
      "category_id": 0,
      "segmentation": [],
      "bbox": [
        151,
        17,
        330,
        301
      ],
      "ignore": 0,
      "iscrowd": 0,
      "area": 99330
    },
    {
      "id": 15,
      "image_id": 15,
      "category_id": 0,
      "segmentation": [],
      "bbox": [
        134,
        1,
        939,
        931
      ],
      "ignore": 0,
      "iscrowd": 0,
      "area": 874209
    },
    {
      "id": 16,
      "image_id": 16,
      "category_id": 0,
      "segmentation": [],
      "bbox": [
        165,
        179,
        419,
        461
      ],
      "ignore": 0,
      "iscrowd": 0,
      "area": 193159
    },
    {
      "id": 17,
      "image_id": 17,
      "category_id": 0,
      "segmentation": [],
      "bbox": [
        281,
        96,
        391,
        318
      ],
      "ignore": 0,
      "iscrowd": 0,
      "area": 124338
    },
    {
      "id": 18,
      "image_id": 18,
      "category_id": 0,
      "segmentation": [],
      "bbox": [
        10,
        11,
        225,
        182
      ],
      "ignore": 0,
      "iscrowd": 0,
      "area": 40950
    },
    {
      "id": 19,
      "image_id": 19,
      "category_id": 0,
      "segmentation": [],
      "bbox": [
        536,
        109,
        814,
        1082
      ],
      "ignore": 0,
      "iscrowd": 0,
      "area": 880748
    },
    {
      "id": 20,
      "image_id": 20,
      "category_id": 0,
      "segmentation": [],
      "bbox": [
        672,
        385,
        430,
        318
      ],
      "ignore": 0,
      "iscrowd": 0,
      "area": 136740
    },
    {
      "id": 21,
      "image_id": 21,
      "category_id": 0,
      "segmentation": [],
      "bbox": [
        284,
        119,
        891,
        766
      ],
      "ignore": 0,
      "iscrowd": 0,
      "area": 682506
    },
    {
      "id": 22,
      "image_id": 22,
      "category_id": 0,
      "segmentation": [],
      "bbox": [
        185,
        383,
        390,
        471
      ],
      "ignore": 0,
      "iscrowd": 0,
      "area": 183690
    },
    {
      "id": 23,
      "image_id": 23,
      "category_id": 0,
      "segmentation": [],
      "bbox": [
        104,
        35,
        704,
        599
      ],
      "ignore": 0,
      "iscrowd": 0,
      "area": 421696
    },
    {
      "id": 24,
      "image_id": 24,
      "category_id": 0,
      "segmentation": [],
      "bbox": [
        392,
        277,
        353,
        370
      ],
      "ignore": 0,
      "iscrowd": 0,
      "area": 130610
    },
    {
      "id": 25,
      "image_id": 25,
      "category_id": 0,
      "segmentation": [],
      "bbox": [
        112,
        56,
        577,
        560
      ],
      "ignore": 0,
      "iscrowd": 0,
      "area": 323120
    },
    {
      "id": 26,
      "image_id": 26,
      "category_id": 0,
      "segmentation": [],
      "bbox": [
        89,
        183,
        789,
        967
      ],
      "ignore": 0,
      "iscrowd": 0,
      "area": 762963
    },
    {
      "id": 27,
      "image_id": 27,
      "category_id": 0,
      "segmentation": [],
      "bbox": [
        745,
        221,
        1069,
        1056
      ],
      "ignore": 0,
      "iscrowd": 0,
      "area": 1128864
    },
    {
      "id": 28,
      "image_id": 28,
      "category_id": 0,
      "segmentation": [],
      "bbox": [
        250,
        61,
        917,
        505
      ],
      "ignore": 0,
      "iscrowd": 0,
      "area": 463085
    },
    {
      "id": 29,
      "image_id": 29,
      "category_id": 0,
      "segmentation": [],
      "bbox": [
        26,
        10,
        757,
        755
      ],
      "ignore": 0,
      "iscrowd": 0,
      "area": 571535
    },
    {
      "id": 30,
      "image_id": 30,
      "category_id": 0,
      "segmentation": [],
      "bbox": [
        192,
        6,
        796,
        638
      ],
      "ignore": 0,
      "iscrowd": 0,
      "area": 507848
    },
    {
      "id": 31,
      "image_id": 31,
      "category_id": 0,
      "segmentation": [],
      "bbox": [
        54,
        8,
        632,
        515
      ],
      "ignore": 0,
      "iscrowd": 0,
      "area": 325480
    },
    {
      "id": 32,
      "image_id": 32,
      "category_id": 0,
      "segmentation": [],
      "bbox": [
        31,
        54,
        542,
        601
      ],
      "ignore": 0,
      "iscrowd": 0,
      "area": 325742
    },
    {
      "id": 33,
      "image_id": 33,
      "category_id": 0,
      "segmentation": [],
      "bbox": [
        468,
        61,
        365,
        370
      ],
      "ignore": 0,
      "iscrowd": 0,
      "area": 135050
    },
    {
      "id": 34,
      "image_id": 34,
      "category_id": 0,
      "segmentation": [],
      "bbox": [
        78,
        37,
        848,
        885
      ],
      "ignore": 0,
      "iscrowd": 0,
      "area": 750480
    },
    {
      "id": 35,
      "image_id": 35,
      "category_id": 0,
      "segmentation": [],
      "bbox": [
        193,
        24,
        376,
        364
      ],
      "ignore": 0,
      "iscrowd": 0,
      "area": 136864
    },
    {
      "id": 36,
      "image_id": 36,
      "category_id": 0,
      "segmentation": [],
      "bbox": [
        67,
        101,
        778,
        601
      ],
      "ignore": 0,
      "iscrowd": 0,
      "area": 467578
    },
    {
      "id": 37,
      "image_id": 37,
      "category_id": 0,
      "segmentation": [],
      "bbox": [
        87,
        83,
        1090,
        1032
      ],
      "ignore": 0,
      "iscrowd": 0,
      "area": 1124880
    },
    {
      "id": 38,
      "image_id": 38,
      "category_id": 0,
      "segmentation": [],
      "bbox": [
        160,
        204,
        583,
        477
      ],
      "ignore": 0,
      "iscrowd": 0,
      "area": 278091
    },
    {
      "id": 39,
      "image_id": 39,
      "category_id": 0,
      "segmentation": [],
      "bbox": [
        187,
        845,
        1824,
        1526
      ],
      "ignore": 0,
      "iscrowd": 0,
      "area": 2783424
    },
    {
      "id": 40,
      "image_id": 40,
      "category_id": 0,
      "segmentation": [],
      "bbox": [
        407,
        74,
        1851,
        1422
      ],
      "ignore": 0,
      "iscrowd": 0,
      "area": 2632122
    },
    {
      "id": 41,
      "image_id": 41,
      "category_id": 0,
      "segmentation": [],
      "bbox": [
        88,
        80,
        58,
        61
      ],
      "ignore": 0,
      "iscrowd": 0,
      "area": 3538
    },
    {
      "id": 42,
      "image_id": 42,
      "category_id": 0,
      "segmentation": [],
      "bbox": [
        14,
        6,
        195,
        194
      ],
      "ignore": 0,
      "iscrowd": 0,
      "area": 37830
    },
    {
      "id": 43,
      "image_id": 43,
      "category_id": 0,
      "segmentation": [],
      "bbox": [
        16,
        0,
        170,
        250
      ],
      "ignore": 0,
      "iscrowd": 0,
      "area": 42500
    },
    {
      "id": 44,
      "image_id": 44,
      "category_id": 0,
      "segmentation": [],
      "bbox": [
        8,
        10,
        185,
        171
      ],
      "ignore": 0,
      "iscrowd": 0,
      "area": 31635
    },
    {
      "id": 45,
      "image_id": 45,
      "category_id": 0,
      "segmentation": [],
      "bbox": [
        14,
        69,
        153,
        120
      ],
      "ignore": 0,
      "iscrowd": 0,
      "area": 18360
    },
    {
      "id": 46,
      "image_id": 46,
      "category_id": 0,
      "segmentation": [],
      "bbox": [
        127,
        22,
        95,
        76
      ],
      "ignore": 0,
      "iscrowd": 0,
      "area": 7220
    },
    {
      "id": 47,
      "image_id": 47,
      "category_id": 0,
      "segmentation": [],
      "bbox": [
        223,
        200,
        311,
        158
      ],
      "ignore": 0,
      "iscrowd": 0,
      "area": 49138
    },
    {
      "id": 48,
      "image_id": 48,
      "category_id": 0,
      "segmentation": [],
      "bbox": [
        4,
        109,
        292,
        233
      ],
      "ignore": 0,
      "iscrowd": 0,
      "area": 68036
    },
    {
      "id": 49,
      "image_id": 49,
      "category_id": 0,
      "segmentation": [],
      "bbox": [
        293,
        258,
        344,
        438
      ],
      "ignore": 0,
      "iscrowd": 0,
      "area": 150672
    },
    {
      "id": 50,
      "image_id": 50,
      "category_id": 0,
      "segmentation": [],
      "bbox": [
        258,
        32,
        404,
        369
      ],
      "ignore": 0,
      "iscrowd": 0,
      "area": 149076
    },
    {
      "id": 51,
      "image_id": 51,
      "category_id": 0,
      "segmentation": [],
      "bbox": [
        126,
        75,
        811,
        716
      ],
      "ignore": 0,
      "iscrowd": 0,
      "area": 580676
    },
    {
      "id": 52,
      "image_id": 52,
      "category_id": 0,
      "segmentation": [],
      "bbox": [
        24,
        18,
        417,
        329
      ],
      "ignore": 0,
      "iscrowd": 0,
      "area": 137193
    },
    {
      "id": 53,
      "image_id": 53,
      "category_id": 0,
      "segmentation": [],
      "bbox": [
        218,
        57,
        602,
        535
      ],
      "ignore": 0,
      "iscrowd": 0,
      "area": 322070
    },
    {
      "id": 54,
      "image_id": 54,
      "category_id": 0,
      "segmentation": [],
      "bbox": [
        87,
        313,
        458,
        403
      ],
      "ignore": 0,
      "iscrowd": 0,
      "area": 184574
    },
    {
      "id": 55,
      "image_id": 55,
      "category_id": 0,
      "segmentation": [],
      "bbox": [
        759,
        235,
        920,
        995
      ],
      "ignore": 0,
      "iscrowd": 0,
      "area": 915400
    },
    {
      "id": 56,
      "image_id": 56,
      "category_id": 0,
      "segmentation": [],
      "bbox": [
        1019,
        202,
        604,
        748
      ],
      "ignore": 0,
      "iscrowd": 0,
      "area": 451792
    },
    {
      "id": 57,
      "image_id": 57,
      "category_id": 0,
      "segmentation": [],
      "bbox": [
        107,
        53,
        1216,
        1283
      ],
      "ignore": 0,
      "iscrowd": 0,
      "area": 1560128
    },
    {
      "id": 58,
      "image_id": 58,
      "category_id": 0,
      "segmentation": [],
      "bbox": [
        91,
        48,
        517,
        556
      ],
      "ignore": 0,
      "iscrowd": 0,
      "area": 287452
    },
    {
      "id": 59,
      "image_id": 59,
      "category_id": 0,
      "segmentation": [],
      "bbox": [
        876,
        285,
        881,
        919
      ],
      "ignore": 0,
      "iscrowd": 0,
      "area": 809639
    },
    {
      "id": 60,
      "image_id": 60,
      "category_id": 0,
      "segmentation": [],
      "bbox": [
        34,
        20,
        156,
        171
      ],
      "ignore": 0,
      "iscrowd": 0,
      "area": 26676
    },
    {
      "id": 61,
      "image_id": 61,
      "category_id": 0,
      "segmentation": [],
      "bbox": [
        145,
        46,
        329,
        301
      ],
      "ignore": 0,
      "iscrowd": 0,
      "area": 99029
    },
    {
      "id": 62,
      "image_id": 62,
      "category_id": 0,
      "segmentation": [],
      "bbox": [
        119,
        10,
        335,
        314
      ],
      "ignore": 0,
      "iscrowd": 0,
      "area": 105190
    },
    {
      "id": 63,
      "image_id": 63,
      "category_id": 0,
      "segmentation": [],
      "bbox": [
        180,
        331,
        1332,
        918
      ],
      "ignore": 0,
      "iscrowd": 0,
      "area": 1222776
    },
    {
      "id": 64,
      "image_id": 64,
      "category_id": 0,
      "segmentation": [],
      "bbox": [
        153,
        97,
        252,
        236
      ],
      "ignore": 0,
      "iscrowd": 0,
      "area": 59472
    },
    {
      "id": 65,
      "image_id": 65,
      "category_id": 0,
      "segmentation": [],
      "bbox": [
        162,
        27,
        648,
        476
      ],
      "ignore": 0,
      "iscrowd": 0,
      "area": 308448
    },
    {
      "id": 66,
      "image_id": 66,
      "category_id": 0,
      "segmentation": [],
      "bbox": [
        42,
        16,
        916,
        832
      ],
      "ignore": 0,
      "iscrowd": 0,
      "area": 762112
    },
    {
      "id": 67,
      "image_id": 67,
      "category_id": 0,
      "segmentation": [],
      "bbox": [
        221,
        201,
        885,
        798
      ],
      "ignore": 0,
      "iscrowd": 0,
      "area": 706230
    },
    {
      "id": 68,
      "image_id": 68,
      "category_id": 0,
      "segmentation": [],
      "bbox": [
        27,
        58,
        608,
        623
      ],
      "ignore": 0,
      "iscrowd": 0,
      "area": 378784
    },
    {
      "id": 69,
      "image_id": 69,
      "category_id": 0,
      "segmentation": [],
      "bbox": [
        208,
        108,
        252,
        215
      ],
      "ignore": 0,
      "iscrowd": 0,
      "area": 54180
    },
    {
      "id": 70,
      "image_id": 70,
      "category_id": 0,
      "segmentation": [],
      "bbox": [
        1609,
        152,
        2191,
        1925
      ],
      "ignore": 0,
      "iscrowd": 0,
      "area": 4217675
    },
    {
      "id": 71,
      "image_id": 71,
      "category_id": 0,
      "segmentation": [],
      "bbox": [
        223,
        2,
        168,
        173
      ],
      "ignore": 0,
      "iscrowd": 0,
      "area": 29064
    },
    {
      "id": 72,
      "image_id": 72,
      "category_id": 0,
      "segmentation": [],
      "bbox": [
        7,
        137,
        405,
        480
      ],
      "ignore": 0,
      "iscrowd": 0,
      "area": 194400
    },
    {
      "id": 73,
      "image_id": 72,
      "category_id": 0,
      "segmentation": [],
      "bbox": [
        412,
        105,
        375,
        494
      ],
      "ignore": 0,
      "iscrowd": 0,
      "area": 185250
    },
    {
      "id": 74,
      "image_id": 73,
      "category_id": 0,
      "segmentation": [],
      "bbox": [
        810,
        947,
        581,
        577
      ],
      "ignore": 0,
      "iscrowd": 0,
      "area": 335237
    },
    {
      "id": 75,
      "image_id": 74,
      "category_id": 0,
      "segmentation": [],
      "bbox": [
        151,
        114,
        614,
        595
      ],
      "ignore": 0,
      "iscrowd": 0,
      "area": 365330
    },
    {
      "id": 76,
      "image_id": 75,
      "category_id": 0,
      "segmentation": [],
      "bbox": [
        229,
        113,
        858,
        766
      ],
      "ignore": 0,
      "iscrowd": 0,
      "area": 657228
    },
    {
      "id": 77,
      "image_id": 76,
      "category_id": 0,
      "segmentation": [],
      "bbox": [
        129,
        78,
        533,
        552
      ],
      "ignore": 0,
      "iscrowd": 0,
      "area": 294216
    },
    {
      "id": 78,
      "image_id": 77,
      "category_id": 0,
      "segmentation": [],
      "bbox": [
        25,
        16,
        768,
        547
      ],
      "ignore": 0,
      "iscrowd": 0,
      "area": 420096
    },
    {
      "id": 79,
      "image_id": 78,
      "category_id": 0,
      "segmentation": [],
      "bbox": [
        40,
        3,
        711,
        683
      ],
      "ignore": 0,
      "iscrowd": 0,
      "area": 485613
    },
    {
      "id": 80,
      "image_id": 79,
      "category_id": 0,
      "segmentation": [],
      "bbox": [
        209,
        56,
        490,
        464
      ],
      "ignore": 0,
      "iscrowd": 0,
      "area": 227360
    },
    {
      "id": 81,
      "image_id": 80,
      "category_id": 0,
      "segmentation": [],
      "bbox": [
        63,
        13,
        578,
        540
      ],
      "ignore": 0,
      "iscrowd": 0,
      "area": 312120
    },
    {
      "id": 82,
      "image_id": 81,
      "category_id": 0,
      "segmentation": [],
      "bbox": [
        48,
        41,
        573,
        605
      ],
      "ignore": 0,
      "iscrowd": 0,
      "area": 346665
    },
    {
      "id": 83,
      "image_id": 82,
      "category_id": 0,
      "segmentation": [],
      "bbox": [
        389,
        96,
        880,
        919
      ],
      "ignore": 0,
      "iscrowd": 0,
      "area": 808720
    },
    {
      "id": 84,
      "image_id": 83,
      "category_id": 0,
      "segmentation": [],
      "bbox": [
        629,
        224,
        1019,
        755
      ],
      "ignore": 0,
      "iscrowd": 0,
      "area": 769345
    },
    {
      "id": 85,
      "image_id": 84,
      "category_id": 0,
      "segmentation": [],
      "bbox": [
        348,
        131,
        518,
        580
      ],
      "ignore": 0,
      "iscrowd": 0,
      "area": 300440
    },
    {
      "id": 86,
      "image_id": 85,
      "category_id": 0,
      "segmentation": [],
      "bbox": [
        32,
        69,
        1128,
        891
      ],
      "ignore": 0,
      "iscrowd": 0,
      "area": 1005048
    },
    {
      "id": 87,
      "image_id": 86,
      "category_id": 0,
      "segmentation": [],
      "bbox": [
        216,
        734,
        2642,
        2527
      ],
      "ignore": 0,
      "iscrowd": 0,
      "area": 6676334
    },
    {
      "id": 88,
      "image_id": 87,
      "category_id": 0,
      "segmentation": [],
      "bbox": [
        106,
        28,
        316,
        317
      ],
      "ignore": 0,
      "iscrowd": 0,
      "area": 100172
    },
    {
      "id": 89,
      "image_id": 88,
      "category_id": 0,
      "segmentation": [],
      "bbox": [
        597,
        254,
        563,
        486
      ],
      "ignore": 0,
      "iscrowd": 0,
      "area": 273618
    },
    {
      "id": 90,
      "image_id": 89,
      "category_id": 0,
      "segmentation": [],
      "bbox": [
        243,
        129,
        735,
        709
      ],
      "ignore": 0,
      "iscrowd": 0,
      "area": 521115
    },
    {
      "id": 91,
      "image_id": 90,
      "category_id": 0,
      "segmentation": [],
      "bbox": [
        54,
        159,
        202,
        239
      ],
      "ignore": 0,
      "iscrowd": 0,
      "area": 48278
    },
    {
      "id": 92,
      "image_id": 91,
      "category_id": 0,
      "segmentation": [],
      "bbox": [
        663,
        372,
        604,
        536
      ],
      "ignore": 0,
      "iscrowd": 0,
      "area": 323744
    },
    {
      "id": 93,
      "image_id": 92,
      "category_id": 0,
      "segmentation": [],
      "bbox": [
        28,
        22,
        526,
        574
      ],
      "ignore": 0,
      "iscrowd": 0,
      "area": 301924
    },
    {
      "id": 94,
      "image_id": 93,
      "category_id": 0,
      "segmentation": [],
      "bbox": [
        28,
        21,
        548,
        563
      ],
      "ignore": 0,
      "iscrowd": 0,
      "area": 308524
    },
    {
      "id": 95,
      "image_id": 94,
      "category_id": 0,
      "segmentation": [],
      "bbox": [
        52,
        7,
        807,
        704
      ],
      "ignore": 0,
      "iscrowd": 0,
      "area": 568128
    },
    {
      "id": 96,
      "image_id": 95,
      "category_id": 0,
      "segmentation": [],
      "bbox": [
        55,
        108,
        375,
        347
      ],
      "ignore": 0,
      "iscrowd": 0,
      "area": 130125
    },
    {
      "id": 97,
      "image_id": 96,
      "category_id": 0,
      "segmentation": [],
      "bbox": [
        40,
        113,
        418,
        388
      ],
      "ignore": 0,
      "iscrowd": 0,
      "area": 162184
    },
    {
      "id": 98,
      "image_id": 97,
      "category_id": 0,
      "segmentation": [],
      "bbox": [
        132,
        103,
        264,
        319
      ],
      "ignore": 0,
      "iscrowd": 0,
      "area": 84216
    },
    {
      "id": 99,
      "image_id": 98,
      "category_id": 0,
      "segmentation": [],
      "bbox": [
        107,
        16,
        869,
        861
      ],
      "ignore": 0,
      "iscrowd": 0,
      "area": 748209
    },
    {
      "id": 100,
      "image_id": 99,
      "category_id": 0,
      "segmentation": [],
      "bbox": [
        235,
        162,
        498,
        471
      ],
      "ignore": 0,
      "iscrowd": 0,
      "area": 234558
    }
  ],
  "info": {
    "year": 2022,
    "version": "1.0",
    "description": "",
    "contributor": "Label Studio",
    "url": "",
    "date_created": "2022-11-28 01:57:06.797116"
  }
}